City,Price_Index,Basic lunchtime menu (including a drink) in the business district,Combo meal in fast food restaurant (big mac meal or similar),500 gr (1 lb.) of boneless chicken breast,1 liter (1 qt.) of whole fat milk,"12 eggs, large",1 kg (2 lb.) of tomatoes,500 gr (16 oz.) of local cheese,1 kg (2 lb.) of apples,1 kg (2 lb.) of potatoes,0.5 l (16 oz) domestic beer in the supermarket,"1 bottle of red table wine, good quality",2 liters of coca-cola,Bread for 2 people for 1 day,Monthly rent for 85 m2 (900 sqft) furnished accommodation in expensive area,Monthly rent for 85 m2 (900 sqft) furnished accommodation in normal area,"Utilities 1 month (heating, electricity, gas ...) for 2 people in 85m2 flat",Monthly rent for a 45 m2 (480 sqft) furnished studio in expensive area,Monthly rent for a 45 m2 (480 sqft) furnished studio in normal area,"Utilities 1 month (heating, electricity, gas ...) for 1 person in 45 m2 (480 sqft) studio",Internet 8 mbps (1 month),40” flat screen tv,"Microwave 800/900 watt (bosch, panasonic, lg, sharp, or equivalent brands)",Laundry detergent (3 l. ~ 100 oz.),Hourly rate for cleaning help,1 pair of jeans (levis 501 or similar),"1 summer dress in a high street store (zara, h&m or similar retailers)","1 pair of sport shoes (nike, adidas, or equivalent brands)",1 pair of men’s leather business shoes,"Volkswagen golf 1.4 tsi 150 cv (or equivalent), with no extras, new",1 liter (1/4 gallon) of gas,Monthly ticket public transport,"Taxi trip on a business day, basic tariff, 8 km. (5 miles)","Cold medicine for 6 days (tylenol, frenadol, coldrex, or equivalent brands)",1 box of antibiotics (12 doses),Short visit to private doctor (15 minutes),"1 box of 32 tampons (tampax, ob, ...)","Deodorant, roll-on (50ml ~ 1.5 oz.)",Hair shampoo 2-in-1 (400 ml ~ 12 oz.),4 rolls of toilet paper,Tube of toothpaste,Standard men's haircut in expat area of the city,Basic dinner out for two in neighborhood pub,2 tickets to the movies,2 tickets to the theater (best available seats),"Dinner for two at an italian restaurant in the expat area including appetisers, main course, wine and dessert",1 cocktail drink in downtown club,Cappuccino in expat area of the city,1 beer in neighbourhood pub (500ml or 1pt.) ,Ipad wi-fi 128gb,1 min. of prepaid mobile tariff (no discounts or plans),1 month of gym membership in business district,1 package of marlboro cigarettes
"Zurich, Switzerland",255,29.0,15.0,12.0,1.98,8.0,3.88,10.0,3.8,2.58,1.7,19.0,2.74,2.59,3743.0,2611.0,171,2389.0,1527.0,142,41.0,526,131,22.0,34.0,130,72,144,224,29029.0,1.77,152,44.0,18.0,31.0,140,8.0,5.32,6.0,3.97,4.12,47.0,83.0,36.0,283,105,18.0,5.63,8.0,536,0.44,131,9.0
"Grand Cayman, Cayman Islands",253,19.0,10.0,6.0,3.21,5.63,8.0,8.0,7.0,3.67,3.51,24.0,3.91,3.46,4435.0,2731.0,364,2295.0,1497.0,203,108.0,532,234,17.0,13.0,75,61,156,152,30185.0,1.34,136,30.0,12.0,31.0,104,8.0,8.0,8.0,5.08,5.03,32.0,56.0,33.0,56,106,13.0,6.0,7.0,635,0.41,79,12.0
"San Francisco, California, United States",239,20.0,10.0,7.0,1.23,4.46,7.0,7.0,6.0,1.63,3.08,15.0,2.63,3.98,6144.0,4403.0,96,2925.0,2439.0,105,64.0,378,121,10.0,40.0,54,41,83,131,24914.0,1.09,83,19.0,9.0,11.0,132,7.0,4.8,8.0,4.63,2.49,33.0,61.0,30.0,263,94,14.0,4.79,7.0,426,0.14,83,12.0
"New York City, United States",238,19.0,9.0,6.0,1.11,3.63,4.62,7.0,3.73,1.59,4.72,17.0,2.2,3.08,4503.0,2772.0,140,3381.0,2024.0,125,55.0,326,206,13.0,26.0,68,40,88,117,24725.0,0.89,127,29.0,8.0,24.0,163,9.0,4.82,8.0,4.88,2.14,30.0,63.0,31.0,397,113,17.0,5.12,7.0,423,0.48,74,14.0
"London, United Kingdom",238,17.0,8.0,5.18,1.31,3.76,2.69,7.0,3.07,1.12,2.51,13.0,2.64,1.29,3131.0,3088.0,206,2703.0,2295.0,134,31.0,438,107,7.0,19.0,104,51,110,135,31135.0,1.87,205,35.0,4.39,14.0,150,4.64,2.85,5.46,2.53,2.31,28.0,53.0,33.0,293,101,15.0,4.53,8.0,683,0.47,66,17.0
"Geneva, Switzerland",237,31.0,16.0,14.0,1.81,9.0,4.98,13.0,5.24,3.5,2.52,19.0,3.12,3.44,3771.0,2956.0,160,2024.0,1459.0,132,46.0,688,131,14.0,27.0,121,68,145,218,34540.0,1.76,74,39.0,13.0,31.0,134,10.0,4.64,5.02,3.92,3.94,38.0,84.0,39.0,158,120,22.0,5.72,8.0,637,0.61,96,10.0
Hong Kong,233,12.0,5.28,6.0,3.28,4.38,3.82,13.0,3.79,2.79,2.12,21.0,2.29,2.31,5869.0,4010.0,188,4071.0,2645.0,156,25.0,549,182,9.0,12.0,99,50,89,186,30690.0,2.39,78,11.0,7.0,15.0,52,8.0,6.0,7.0,1.66,2.64,46.0,47.0,26.0,235,140,14.0,5.95,9.0,549,0.13,111,8.0
"Lausanne, Switzerland",216,26.0,16.0,11.0,1.63,8.0,4.61,11.0,4.1,3.1,2.31,13.0,2.76,3.3,2486.0,2168.0,188,1661.0,1299.0,98,61.0,691,179,18.0,33.0,137,50,144,187,29457.0,1.67,87,36.0,15.0,35.0,109,8.0,5.67,5.89,4.16,4.53,40.0,88.0,43.0,144,119,19.0,5.34,8.0,577,0.37,99,9.0
"Dublin, Ireland",203,17.0,10.0,5.68,1.43,3.83,2.71,6.0,2.84,1.37,3.01,13.0,2.77,2.01,2686.0,2102.0,216,2285.0,1426.0,133,41.0,395,126,7.0,15.0,69,32,89,99,31055.0,1.69,158,30.0,8.0,15.0,65,5.76,3.99,5.28,2.39,2.96,25.0,48.0,28.0,144,77,14.0,4.25,7.0,510,0.42,51,16.0
"Los Angeles, California, United States",200,22.0,9.0,7.0,1.26,4.06,3.67,6.0,3.31,1.8,4.14,15.0,2.36,2.89,2904.0,2547.0,179,2433.0,1727.0,130,46.0,273,156,11.0,33.0,54,49,95,124,23782.0,1.21,91,14.0,7.0,23.0,131,7.0,4.37,7.0,4.84,2.4,27.0,59.0,29.0,284,94,15.0,4.65,7.0,382,0.51,54,9.0
"Washington D.C., United States",200,15.0,9.0,5.29,1.09,3.14,4.8,8.0,3.96,1.7,4.38,17.0,2.19,2.26,2801.0,2143.0,174,2013.0,1655.0,98,59.0,285,111,12.0,33.0,46,41,90,122,23269.0,0.73,138,21.0,7.0,19.0,108,7.0,4.24,4.36,4.72,2.29,27.0,53.0,27.0,263,104,15.0,5.43,7.0,427,0.19,80,9.0
"Reykjavik, Iceland",199,20.0,15.0,8.0,1.49,6.0,4.39,7.0,2.77,2.8,3.63,22.0,2.56,3.27,2458.0,2056.0,145,1555.0,1294.0,102,62.0,758,186,15.0,32.0,123,57,147,197,29203.0,1.78,98,26.0,11.0,15.0,53,5.11,4.67,5.23,3.75,3.2,44.0,55.0,24.0,93,106,20.0,4.81,9.0,661,0.16,59,12.0
"Sydney, Australia",198,14.0,9.0,4.83,1.12,4.19,3.62,4.45,3.37,2.41,3.9,12.0,2.02,1.82,3247.0,2034.0,149,1899.0,1348.0,169,48.0,405,136,12.0,26.0,73,47,104,114,21038.0,1.04,150,18.0,8.0,10.0,48,4.92,3.22,3.68,2.71,3.08,17.0,34.0,27.0,165,70,12.0,3.14,5.84,499,0.53,55,32.0
"Jersey City, New Jersey, United States",197,16.0,9.0,5.09,0.97,4.45,4.16,7.0,4.68,2.99,1.56,16.0,2.33,3.07,3261.0,2139.0,264,2450.0,1436.0,162,63.0,384,119,19.0,18.0,56,47,75,87,20417.0,0.71,104,15.0,8.0,29.0,172,9.0,5.46,7.0,7.0,3.77,35.0,77.0,30.0,89,65,15.0,4.01,5.72,439,0.15,54,9.0
"San Jose, California, United States",195,18.0,11.0,4.87,1.22,4.56,4.73,8.0,4.2,2.25,3.39,18.0,2.43,2.73,2919.0,2499.0,152,2513.0,1579.0,95,42.0,347,142,13.0,24.0,48,53,90,134,25306.0,1.15,92,19.0,8.0,29.0,112,7.0,3.68,5.82,3.76,2.09,20.0,50.0,29.0,250,102,13.0,5.2,8.0,436,0.4,60,9.0
Singapore,195,11.0,7.0,4.2,2.37,2.93,2.42,11.0,3.39,2.26,3.57,23.0,2.19,1.68,3603.0,2388.0,150,2460.0,1850.0,92,34.0,514,159,8.0,14.0,91,35,105,137,92503.0,1.79,55,13.0,8.0,11.0,53,9.0,4.38,6.0,2.25,2.86,23.0,39.0,20.0,130,105,16.0,4.79,7.0,537,0.14,123,10.0
"Boston, Massachusetts, United States",194,16.0,9.0,4.69,0.95,2.88,7.0,7.0,3.38,1.95,3.47,14.0,2.1,2.27,2795.0,2334.0,233,2427.0,1591.0,131,54.0,326,168,12.0,24.0,55,56,96,152,27787.0,0.8,90,18.0,9.0,12.0,185,8.0,4.26,5.49,3.66,2.06,26.0,54.0,27.0,321,113,14.0,5.14,6.0,485,0.2,93,10.0
"Seattle, Washington, United States",193,17.0,10.0,5.88,0.93,3.39,4.36,9.0,3.79,1.58,3.91,15.0,2.4,2.61,2766.0,2483.0,214,1976.0,1500.0,145,52.0,287,116,11.0,33.0,56,58,112,123,23533.0,0.97,92,33.0,8.0,17.0,137,8.0,4.4,5.38,4.4,2.43,25.0,58.0,27.0,200,129,13.0,4.96,6.0,384,0.17,67,10.0
"Oslo, Norway",192,22.0,14.0,9.0,2.31,5.55,3.81,8.0,3.66,2.5,3.29,19.0,4.43,1.61,2421.0,1828.0,231,1587.0,1258.0,151,35.0,474,179,14.0,39.0,101,42,103,207,35532.0,1.77,89,26.0,5.12,12.0,94,4.06,4.57,5.05,2.18,3.0,50.0,61.0,32.0,128,111,17.0,5.23,11.0,502,0.16,53,16.0
"Honolulu, Hawaii, United States",192,17.0,9.0,4.52,1.65,6.0,7.0,11.0,4.42,2.5,3.65,15.0,3.31,2.82,3186.0,2388.0,182,2075.0,1254.0,110,50.0,263,133,14.0,22.0,47,46,92,121,28312.0,0.92,69,18.0,10.0,18.0,193,9.0,4.75,7.0,5.9,2.07,22.0,58.0,27.0,128,84,13.0,5.18,6.0,430,0.53,70,10.0
"Trondheim, Norway",191,24.0,13.0,7.0,2.35,5.93,4.0,6.0,3.44,2.69,4.01,18.0,4.81,3.44,1983.0,1565.0,171,1283.0,1027.0,108,41.0,488,156,10.0,30.0,102,48,112,156,50139.0,1.82,93,26.0,10.0,20.0,42,4.74,5.49,5.01,3.36,3.26,46.0,64.0,29.0,75,84,13.0,5.02,11.0,503,0.09,47,12.0
"Paris, France",189,17.0,12.0,7.0,1.63,5.32,3.69,7.0,3.67,2.2,2.4,9.0,2.47,1.75,3337.0,2601.0,318,1988.0,1558.0,128,36.0,375,109,9.0,19.0,92,42,112,156,27607.0,1.79,87,23.0,5.66,8.0,31,4.57,5.69,4.52,2.64,2.07,32.0,60.0,24.0,137,91,14.0,5.62,8.0,542,0.26,47,11.0
"Auckland, New Zealand",188,15.0,9.0,5.86,1.54,5.13,4.77,5.76,2.66,2.22,3.07,14.0,2.32,1.88,2359.0,1897.0,323,1733.0,1344.0,128,55.0,548,183,10.0,19.0,82,48,127,169,23847.0,1.56,123,21.0,10.0,3.76,45,6.0,4.68,4.44,2.76,3.05,23.0,46.0,26.0,167,90,13.0,3.42,9.0,472,0.27,62,23.0
"Tel Aviv, Israel",188,19.0,18.0,6.0,2.04,4.05,1.84,7.0,3.46,1.39,2.62,20.0,2.88,1.68,2782.0,2090.0,220,1732.0,1342.0,140,24.0,495,126,9.0,16.0,98,55,138,140,42505.0,1.91,78,21.0,8.0,8.0,117,10.0,5.77,5.66,2.73,3.86,25.0,52.0,27.0,88,102,17.0,4.75,9.0,826,0.32,87,11.0
"Miami, Florida, United States",186,19.0,9.0,4.89,0.9,3.26,4.79,5.87,3.49,1.67,4.82,14.0,2.03,2.12,3099.0,1770.0,208,2026.0,1254.0,130,60.0,259,142,11.0,23.0,51,39,96,100,24432.0,0.73,81,25.0,8.0,27.0,108,6.0,4.56,5.72,4.76,2.49,25.0,51.0,28.0,119,103,18.0,4.93,6.0,418,0.65,46,8.0
"Copenhagen, Denmark",185,13.0,11.0,5.3,1.71,5.76,3.88,11.0,3.13,2.09,1.66,12.0,3.03,1.94,2689.0,2017.0,233,1665.0,1286.0,144,24.0,586,152,12.0,22.0,131,51,161,255,41283.0,1.88,97,28.0,7.0,11.0,83,6.0,3.62,4.18,2.36,2.64,33.0,61.0,35.0,108,113,17.0,7.0,8.0,580,0.21,40,8.0
"Chicago, Illinois, United States",183,18.0,9.0,4.76,1.02,3.57,4.09,7.0,3.57,1.67,3.93,18.0,2.05,2.1,2644.0,1475.0,144,2096.0,1424.0,93,36.0,256,165,10.0,25.0,56,43,95,91,27514.0,0.85,97,16.0,10.0,17.0,130,7.0,3.92,5.08,4.8,1.97,34.0,52.0,26.0,253,101,15.0,4.91,6.0,501,0.52,76,14.0
"Amsterdam, Netherlands",180,17.0,10.0,4.67,1.19,3.44,2.68,6.0,3.05,2.09,1.41,8.0,3.07,1.82,2785.0,2178.0,197,1725.0,1442.0,123,42.0,534,170,10.0,17.0,110,49,104,145,30662.0,1.99,110,29.0,5.52,13.0,38,3.97,3.87,4.1,2.01,2.06,36.0,44.0,27.0,89,79,13.0,3.86,5.46,517,0.15,50,7.0
"Portland, Oregon, United States",176,15.0,8.0,4.27,0.93,3.99,4.92,6.0,3.59,1.69,3.4,17.0,1.88,2.29,2582.0,1842.0,208,1520.0,1202.0,129,54.0,284,121,12.0,27.0,59,51,92,126,24261.0,0.95,96,21.0,7.0,27.0,162,7.0,3.4,7.0,3.54,2.44,29.0,41.0,25.0,162,87,12.0,5.2,6.0,403,0.32,40,8.0
"Denver, Colorado, United States",175,16.0,8.0,4.56,0.74,2.44,3.37,6.0,3.09,1.87,2.5,15.0,1.8,2.16,2356.0,1669.0,139,1556.0,1170.0,86,54.0,301,149,10.0,35.0,54,60,89,157,22220.0,0.79,105,17.0,8.0,16.0,122,7.0,2.86,5.43,3.2,1.78,23.0,46.0,25.0,276,76,12.0,4.77,5.38,460,0.55,73,8.0
Luxembourg,174,20.0,11.0,5.72,1.43,4.74,3.15,10.0,2.87,2.1,1.39,11.0,2.43,2.44,3145.0,2519.0,226,1711.0,1375.0,194,56.0,555,183,9.0,20.0,106,42,115,155,24646.0,1.33,45,30.0,8.0,16.0,54,5.59,4.72,4.36,2.58,3.22,32.0,53.0,26.0,90,79,16.0,3.97,5.41,580,0.28,51,7.0
"Vancouver, Canada",171,19.0,9.0,6.0,1.85,3.85,4.08,10.0,2.6,1.89,2.75,16.0,2.11,1.48,2281.0,1776.0,101,1787.0,1237.0,71,60.0,315,128,8.0,22.0,65,42,91,123,16746.0,1.24,104,22.0,8.0,18.0,106,8.0,3.92,4.54,3.18,2.57,18.0,45.0,24.0,142,89,11.0,4.19,5.68,421,0.32,52,11.0
"Toronto, Canada",168,15.0,9.0,6.0,2.46,3.56,3.57,8.0,2.84,2.69,2.44,14.0,2.35,1.62,2183.0,1868.0,122,1821.0,1372.0,74,39.0,300,125,7.0,21.0,56,45,101,153,18641.0,1.06,111,18.0,9.0,17.0,58,6.0,4.14,4.4,2.21,2.24,21.0,42.0,24.0,193,84,11.0,3.88,5.51,475,0.31,47,11.0
"Utrecht, Netherlands",164,17.0,8.0,4.27,1.17,4.22,2.68,7.0,2.5,1.78,1.33,7.0,3.15,1.03,2202.0,1672.0,197,1441.0,1072.0,127,38.0,544,187,8.0,17.0,86,50,106,158,27589.0,1.92,105,29.0,3.96,13.0,47,4.01,3.5,4.64,1.58,2.32,26.0,56.0,27.0,94,81,9.0,3.66,5.61,514,0.18,35,8.0
"Dubai, United Arab Emirates",164,20.0,7.0,5.23,2.03,3.99,1.93,8.0,2.74,1.46,3.78,30.0,2.28,1.36,1943.0,1349.0,214,1337.0,843.0,104,76.0,325,121,9.0,9.0,62,47,99,117,24537.0,0.57,94,17.0,6.0,12.0,71,5.49,5.29,5.92,3.28,3.16,16.0,46.0,23.0,148,88,22.0,7.0,14.0,498,0.17,79,4.79
"Melbourne, Australia",164,13.0,9.0,5.03,1.08,4.51,3.84,5.02,3.14,2.32,4.14,12.0,1.86,2.02,2204.0,1552.0,191,1348.0,1026.0,116,42.0,397,150,9.0,21.0,74,41,95,98,20814.0,1.03,110,15.0,7.0,13.0,60,4.45,3.27,4.25,2.56,2.21,25.0,37.0,28.0,205,61,13.0,3.27,7.0,457,0.14,49,27.0
"Doha, Qatar",161,10.0,7.0,3.73,2.03,3.18,1.4,5.07,1.88,1.07,8.0,26.0,1.51,1.44,3175.0,2123.0,139,1664.0,1096.0,91,90.0,301,87,13.0,10.0,69,57,98,99,19912.0,0.52,40,9.0,11.0,22.0,49,6.0,5.03,5.64,3.31,2.93,17.0,54.0,22.0,82,87,20.0,6.0,14.0,536,0.19,114,4.55
"Edinburgh, United Kingdom",160,20.0,7.0,4.47,1.25,3.83,2.57,4.89,2.55,1.18,2.36,10.0,2.59,1.44,2268.0,1634.0,227,1372.0,1022.0,147,39.0,443,117,8.0,14.0,96,44,98,109,29960.0,1.73,79,23.0,6.0,10.0,122,4.25,2.01,4.84,2.47,2.07,20.0,51.0,27.0,130,81,12.0,3.8,7.0,568,0.14,52,15.0
"Dallas, Texas, United States",160,15.0,9.0,3.65,0.78,2.17,2.24,5.26,3.19,1.55,4.63,15.0,2.21,1.49,2190.0,1940.0,163,1487.0,1143.0,114,49.0,273,102,13.0,21.0,52,47,84,104,22665.0,0.66,88,17.0,7.0,27.0,116,6.0,2.97,5.35,2.54,1.72,25.0,42.0,26.0,157,75,13.0,5.33,6.0,396,0.4,47,7.0
"Hamburg, Germany",160,13.0,9.0,4.16,1.14,4.6,3.34,5.85,3.05,2.01,1.15,11.0,1.98,1.81,2250.0,1737.0,220,1257.0,911.0,149,22.0,435,126,5.76,15.0,90,56,98,173,25079.0,1.54,108,24.0,9.0,13.0,57,4.2,2.98,2.88,1.65,2.19,26.0,37.0,29.0,155,68,14.0,3.93,4.41,558,0.13,63,8.0
"Bristol, United Kingdom",160,11.0,8.0,4.9,1.1,3.55,3.33,6.0,2.56,1.25,2.38,11.0,2.54,1.01,1949.0,1770.0,315,1627.0,1147.0,317,36.0,476,128,10.0,15.0,85,37,92,117,26564.0,1.63,90,17.0,3.95,11.0,91,4.02,2.22,5.07,2.77,2.61,17.0,45.0,25.0,113,76,12.0,3.81,6.0,636,0.13,43,14.0
"Frankfurt am Main, Germany",160,12.0,9.0,4.23,1.13,3.77,2.21,5.53,3.1,1.95,0.83,6.0,1.98,1.5,2330.0,1798.0,238,1268.0,976.0,224,37.0,477,139,7.0,19.0,87,45,88,124,28044.0,1.66,104,22.0,8.0,9.0,57,3.66,2.76,3.45,1.34,1.77,26.0,43.0,27.0,100,66,14.0,3.34,4.56,549,0.13,47,8.0
"Stockholm, Sweden",160,14.0,9.0,7.0,1.53,3.98,3.67,6.0,2.99,1.16,1.73,13.0,2.34,1.35,2003.0,1538.0,130,1482.0,942.0,63,28.0,397,111,7.0,26.0,105,36,112,147,25088.0,1.93,103,23.0,7.0,10.0,25,4.0,4.07,3.83,2.38,2.12,33.0,50.0,29.0,88,101,15.0,4.86,7.0,594,0.11,52,7.0
"Helsinki, Finland",159,13.0,10.0,6.0,1.41,2.87,3.74,6.0,2.48,1.32,3.12,15.0,3.12,1.95,2265.0,1656.0,80,1543.0,1161.0,46,16.0,402,109,7.0,37.0,97,33,96,163,30532.0,1.88,69,27.0,9.0,13.0,81,4.16,4.02,4.27,1.99,2.26,29.0,56.0,32.0,132,107,15.0,5.13,7.0,499,0.08,63,10.0
"Austin, Texas, United States",158,16.0,8.0,5.62,0.88,3.38,3.59,7.0,3.59,1.74,2.57,16.0,2.14,1.82,2496.0,1761.0,237,1628.0,1299.0,143,48.0,282,143,11.0,28.0,58,47,89,132,26743.0,0.74,50,17.0,5.8,15.0,89,5.86,4.21,4.91,4.03,1.53,28.0,41.0,28.0,227,87,12.0,5.6,6.0,432,0.19,54,7.0
"Brisbane, Australia",157,12.0,9.0,5.04,1.02,4.02,4.13,5.74,3.18,2.26,4.3,16.0,2.11,1.5,1737.0,1311.0,141,1305.0,1276.0,102,42.0,442,158,9.0,24.0,92,47,94,119,20638.0,1.14,79,23.0,8.0,9.0,56,4.09,3.81,4.27,2.28,3.01,21.0,52.0,25.0,178,87,13.0,3.67,7.0,492,0.44,48,26.0
"Charlotte, North Carolina, United States",157,14.0,8.0,3.85,0.78,2.29,4.22,5.52,3.8,2.91,2.01,14.0,1.72,2.49,2452.0,1696.0,135,1238.0,1021.0,78,56.0,256,129,10.0,34.0,41,44,81,105,24140.0,0.61,84,21.0,6.0,16.0,142,6.0,3.45,5.56,4.11,1.74,22.0,39.0,24.0,174,65,11.0,4.75,4.58,427,0.12,43,5.96
"Munich, Germany",156,16.0,9.0,5.89,1.32,3.69,3.21,7.0,2.75,1.84,1.04,10.0,1.84,1.42,2693.0,1910.0,238,1362.0,1053.0,132,31.0,491,75,5.26,17.0,90,42,99,141,25106.0,1.65,70,22.0,8.0,19.0,61,4.72,2.33,3.31,1.36,1.32,24.0,44.0,25.0,174,77,12.0,4.19,4.66,588,0.17,78,7.0
"Minneapolis - St. Paul, Minnesota, United States",156,14.0,8.0,4.53,0.78,1.87,4.6,4.98,3.55,1.37,2.64,12.0,1.88,1.49,1856.0,1392.0,150,1288.0,941.0,74,50.0,257,131,11.0,28.0,53,44,73,116,24118.0,0.64,79,20.0,7.0,13.0,165,6.0,3.51,4.43,4.09,1.87,21.0,46.0,24.0,252,82,12.0,4.51,5.97,372,0.61,77,10.0
"Atlanta, Georgia, United States",156,15.0,8.0,3.62,0.83,2.76,4.14,4.73,3.39,1.78,2.51,12.0,1.96,1.93,1753.0,1389.0,213,1655.0,1097.0,78,42.0,266,160,11.0,31.0,54,43,102,106,25032.0,0.73,81,15.0,5.99,19.0,119,6.0,2.91,4.01,4.63,1.65,23.0,36.0,28.0,176,70,12.0,5.31,5.63,432,0.48,53,8.0
"Tokyo, Japan",155,8.0,6.0,4.02,1.77,2.55,5.6,8.0,7.0,3.24,2.72,12.0,1.7,1.92,2814.0,1515.0,181,1263.0,853.0,94,31.0,337,90,4.58,20.0,59,38,75,116,22223.0,1.21,86,35.0,9.0,11.0,41,5.4,5.09,4.08,1.38,1.77,31.0,31.0,31.0,98,47,10.0,3.36,4.74,378,0.34,85,4.52
"Tampa, Florida, United States",155,18.0,9.0,3.86,0.96,2.41,3.61,6.0,3.28,1.82,2.97,15.0,2.22,2.36,2244.0,1532.0,197,1480.0,1008.0,141,54.0,319,157,11.0,23.0,48,44,95,100,24577.0,0.68,58,15.0,7.0,13.0,106,5.86,3.0,3.98,4.06,1.78,23.0,52.0,26.0,286,79,13.0,5.44,5.14,412,0.36,31,7.0
"Eindhoven, Netherlands",153,18.0,9.0,4.59,1.17,3.81,2.61,7.0,2.26,1.38,1.42,7.0,2.44,1.56,1762.0,1459.0,181,1321.0,1049.0,100,40.0,388,153,7.0,15.0,89,42,89,123,28259.0,1.94,92,28.0,5.51,22.0,40,4.3,3.69,4.08,1.57,2.61,26.0,46.0,27.0,84,69,9.0,3.41,5.58,500,0.13,30,7.0
"Ottawa, Canada",153,17.0,10.0,5.37,2.84,2.99,3.29,8.0,2.98,1.61,2.23,13.0,1.96,1.43,1673.0,1365.0,125,1397.0,1019.0,91,41.0,332,103,8.0,21.0,62,42,78,133,21803.0,1.02,98,17.0,8.0,19.0,62,5.78,4.36,4.17,1.96,2.02,18.0,46.0,22.0,115,91,9.0,3.89,5.57,476,0.28,49,12.0
"Nashville, Tennessee, United States",152,18.0,9.0,3.94,0.82,2.89,4.22,5.44,3.16,1.44,2.69,15.0,2.12,1.65,2177.0,1367.0,198,1393.0,960.0,126,48.0,303,147,8.0,22.0,46,61,95,116,23754.0,0.69,62,27.0,7.0,21.0,107,6.0,3.52,4.62,2.76,1.85,21.0,44.0,23.0,156,57,12.0,6.0,5.64,430,0.24,60,7.0
"Orlando, Florida, United States",151,13.0,9.0,5.39,0.98,2.7,4.11,5.92,3.35,1.88,2.24,15.0,2.02,1.66,1872.0,1323.0,217,1314.0,1016.0,143,78.0,307,107,11.0,18.0,58,46,95,103,22506.0,0.82,50,18.0,5.88,14.0,129,5.43,3.75,3.89,4.08,2.44,21.0,46.0,28.0,154,87,14.0,5.37,5.81,497,0.51,47,9.0
"Salt Lake City, Utah, United States",151,14.0,9.0,3.79,0.73,2.49,3.29,6.0,3.06,1.18,3.14,16.0,2.03,1.91,1775.0,1375.0,177,1237.0,928.0,108,42.0,296,103,12.0,23.0,44,37,93,100,25573.0,1.0,89,18.0,5.28,17.0,81,6.0,3.25,3.97,3.51,1.49,23.0,34.0,22.0,160,62,12.0,5.92,5.33,432,0.58,26,8.0
"The Hague, Netherlands",151,14.0,10.0,4.92,1.21,3.62,2.38,5.76,2.86,1.53,1.27,6.0,2.88,2.07,2014.0,1447.0,207,1237.0,845.0,109,39.0,602,187,9.0,16.0,80,35,101,127,38132.0,1.9,68,26.0,7.0,14.0,41,4.64,3.65,4.55,1.97,2.69,26.0,52.0,26.0,107,71,11.0,3.13,4.21,575,0.17,42,8.0
"Manchester, United Kingdom",150,19.0,8.0,3.91,1.24,3.18,2.29,3.61,2.61,1.59,2.65,12.0,2.81,1.27,1988.0,1356.0,222,1127.0,785.0,120,39.0,417,104,9.0,14.0,76,38,91,82,27363.0,1.71,94,18.0,4.0,12.0,137,4.43,2.01,4.62,2.28,1.83,18.0,39.0,25.0,86,60,13.0,5.09,5.52,501,0.1,36,10.0
"Cork, Ireland",149,17.0,9.0,4.95,1.21,3.08,2.55,5.95,2.15,1.4,2.42,12.0,2.67,1.05,1830.0,1240.0,173,1498.0,1055.0,114,42.0,506,138,7.0,14.0,86,37,92,98,30595.0,1.57,77,17.0,6.0,17.0,60,5.15,2.82,4.19,1.89,2.83,17.0,39.0,22.0,72,68,12.0,3.67,6.0,505,0.26,52,15.0
"Pittsburgh, Pennsylvania, United States",147,14.0,8.0,3.91,1.01,2.62,4.39,7.0,3.64,1.94,3.54,15.0,1.81,2.34,1525.0,1168.0,218,1278.0,756.0,116,50.0,320,78,13.0,15.0,55,49,92,107,22592.0,0.72,87,19.0,8.0,20.0,90,7.0,3.62,4.83,3.44,1.84,21.0,43.0,20.0,189,68,11.0,4.68,4.58,429,0.16,41,9.0
"Valletta, Malta",145,19.0,9.0,5.75,1.32,3.23,3.37,7.0,3.42,2.63,2.14,8.0,2.03,1.76,2484.0,1574.0,104,1250.0,866.0,60,46.0,442,130,8.0,9.0,115,56,128,158,23651.0,1.6,37,31.0,8.0,20.0,18,4.94,3.85,4.63,1.36,2.48,13.0,41.0,23.0,69,68,8.0,3.0,3.58,743,0.31,70,5.49
"Gothenburg, Sweden",145,11.0,9.0,4.47,1.32,3.54,3.55,5.04,3.12,1.41,2.1,11.0,2.35,2.41,1662.0,1169.0,161,999.0,736.0,64,35.0,414,139,7.0,29.0,94,39,97,139,24028.0,1.72,88,21.0,6.0,11.0,34,5.2,3.23,3.29,1.97,2.21,34.0,45.0,31.0,91,89,14.0,4.39,7.0,531,0.12,38,7.0
"Lyon, France",145,19.0,11.0,7.0,1.27,4.64,3.65,8.0,2.96,1.83,3.18,10.0,2.64,1.19,1621.0,1110.0,161,888.0,719.0,96,26.0,501,151,9.0,16.0,100,37,112,119,29398.0,1.58,74,20.0,5.92,10.0,28,5.26,5.18,4.79,2.47,2.99,25.0,40.0,25.0,89,76,11.0,3.72,7.0,548,0.27,52,10.0
"Houston, Texas, United States",145,17.0,9.0,4.76,0.82,3.09,3.77,6.0,3.34,1.45,2.8,15.0,2.42,1.57,1779.0,1267.0,252,1396.0,1061.0,114,44.0,273,96,11.0,24.0,47,46,110,121,23588.0,0.8,45,17.0,7.0,21.0,94,8.0,3.24,4.89,3.96,1.91,22.0,57.0,26.0,192,79,11.0,4.95,6.0,403,0.3,59,8.0
"Milan, Italy",145,17.0,10.0,5.3,1.53,4.48,2.88,7.0,2.3,1.48,1.7,10.0,2.08,1.23,1882.0,1309.0,135,1297.0,825.0,105,28.0,406,130,5.64,13.0,100,45,99,126,29547.0,1.82,48,25.0,10.0,11.0,98,6.0,3.92,3.24,2.76,2.44,19.0,48.0,23.0,117,102,12.0,2.31,5.95,560,0.23,91,7.0
"Brussels, Belgium",144,17.0,10.0,5.28,1.16,4.58,2.75,6.0,2.59,1.57,2.06,8.0,2.69,1.81,1678.0,1343.0,144,1002.0,798.0,117,53.0,459,192,10.0,11.0,94,45,95,138,28669.0,1.59,57,24.0,9.0,7.0,41,6.0,4.2,4.32,1.94,2.61,27.0,55.0,27.0,76,81,11.0,3.47,4.45,486,0.27,46,7.0
"Edmonton, Canada",144,16.0,9.0,7.0,2.49,3.52,3.75,7.0,3.93,3.22,3.21,19.0,1.97,1.35,1561.0,1097.0,214,1134.0,797.0,142,45.0,267,102,8.0,17.0,56,35,95,100,20946.0,0.94,76,18.0,9.0,17.0,60,6.0,3.55,3.95,2.46,2.34,21.0,43.0,26.0,90,80,9.0,4.22,5.68,431,0.24,44,13.0
"Adelaide, Australia",144,12.0,9.0,3.71,1.09,3.62,3.57,3.85,3.21,2.14,3.93,12.0,2.13,1.93,1686.0,1142.0,166,1066.0,789.0,106,46.0,453,164,6.0,20.0,67,47,94,95,20671.0,1.02,69,16.0,5.66,13.0,45,5.45,3.49,4.87,2.74,2.37,18.0,39.0,22.0,180,62,12.0,3.27,5.82,489,0.5,42,24.0
"Berlin, Germany",142,11.0,9.0,4.16,1.12,3.19,2.28,6.0,2.73,1.51,0.97,7.0,2.06,1.44,2065.0,1459.0,153,1135.0,776.0,116,28.0,450,115,4.5,16.0,87,37,89,125,25612.0,1.63,95,26.0,7.0,9.0,91,3.81,2.2,2.78,1.58,1.45,22.0,36.0,23.0,96,56,9.0,3.5,4.43,484,0.11,35,7.0
"Detroit, Michigan, United States",142,14.0,8.0,2.84,0.63,2.06,4.32,4.44,3.64,2.09,2.85,14.0,1.94,2.2,2044.0,1330.0,222,1436.0,910.0,127,54.0,304,147,11.0,20.0,45,32,79,94,23016.0,0.66,57,14.0,8.0,15.0,86,6.0,3.52,4.32,3.25,1.72,19.0,47.0,24.0,210,65,10.0,4.79,5.26,428,0.22,27,8.0
"Belfast, United Kingdom",141,15.0,9.0,3.42,1.08,3.03,2.52,4.56,2.11,1.65,2.6,10.0,2.6,1.43,1558.0,991.0,144,826.0,666.0,96,61.0,535,122,9.0,16.0,67,46,82,88,27143.0,1.69,86,16.0,3.67,9.0,88,3.81,1.84,3.6,2.28,1.36,12.0,41.0,21.0,108,64,11.0,3.68,6.0,594,0.11,38,15.0
"Las Vegas, Nevada, United States",140,16.0,8.0,3.35,0.94,2.23,2.83,5.45,3.04,1.31,2.44,14.0,2.0,1.62,1595.0,1189.0,247,1167.0,804.0,176,50.0,254,149,9.0,14.0,37,51,90,108,24476.0,0.93,58,21.0,6.0,19.0,100,7.0,2.92,5.1,2.91,1.52,19.0,46.0,23.0,236,86,16.0,6.0,5.74,439,0.26,30,8.0
"Stuttgart, Germany",140,13.0,9.0,4.41,1.08,4.18,3.06,6.0,2.36,1.72,1.02,5.68,1.75,2.06,1769.0,1406.0,151,1057.0,887.0,120,29.0,422,109,7.0,15.0,90,40,88,125,25599.0,1.71,79,22.0,11.0,11.0,54,3.17,2.51,2.5,1.63,1.77,23.0,41.0,22.0,117,67,10.0,3.58,4.3,583,0.12,37,7.0
"Montreal, Canada",140,15.0,10.0,6.0,1.98,3.18,4.27,9.0,3.24,2.24,3.18,13.0,1.8,2.09,1414.0,1021.0,104,1057.0,666.0,63,31.0,312,117,7.0,17.0,62,37,99,103,19856.0,0.98,73,27.0,8.0,11.0,106,7.0,4.67,3.76,2.66,1.99,23.0,46.0,22.0,122,93,11.0,3.89,5.95,515,0.29,47,11.0
"Abu Dhabi, United Arab Emirates",139,8.0,8.0,5.37,1.65,3.34,1.47,5.0,2.0,0.94,3.7,18.0,2.19,1.26,2569.0,1948.0,152,1250.0,945.0,89,84.0,375,101,12.0,10.0,62,52,93,86,23304.0,0.61,22,8.0,4.36,19.0,70,7.0,4.05,6.0,3.11,3.96,19.0,54.0,23.0,182,51,17.0,4.96,11.0,626,0.18,77,5.99
"Jacksonville, Florida, United States",138,14.0,8.0,4.26,0.95,3.46,3.9,5.21,3.58,1.92,2.85,14.0,2.14,1.89,1712.0,1196.0,155,1031.0,805.0,113,42.0,254,77,10.0,28.0,55,54,96,109,22605.0,0.68,55,20.0,5.77,14.0,115,5.46,3.63,4.14,3.59,1.49,20.0,46.0,27.0,135,74,10.0,5.25,5.24,473,0.26,43,7.0
"Shanghai, China",134,7.0,6.0,3.09,2.73,3.23,2.35,8.0,2.63,1.04,1.03,18.0,1.56,2.63,3020.0,1709.0,68,1364.0,839.0,34,26.0,365,85,8.0,7.0,90,46,111,140,23306.0,1.09,35,6.0,3.95,5.65,161,10.0,7.0,6.0,1.61,2.85,23.0,52.0,19.0,242,67,16.0,4.72,6.0,502,0.03,76,3.83
"Boise, Idaho, United States",134,14.0,8.0,4.05,0.73,1.96,3.09,5.78,2.73,1.23,3.0,17.0,1.91,1.44,1946.0,1552.0,146,1472.0,911.0,115,46.0,280,161,11.0,17.0,46,36,75,109,22167.0,0.86,37,19.0,7.0,14.0,153,7.0,3.67,4.76,4.89,1.83,16.0,40.0,21.0,192,75,9.0,4.0,5.52,431,0.16,33,7.0
"San Antonio, Texas, United States",130,14.0,8.0,3.64,0.8,2.09,2.55,4.98,2.83,1.39,2.39,13.0,1.67,1.69,1946.0,1382.0,189,1122.0,879.0,111,49.0,297,137,10.0,18.0,45,48,86,105,22667.0,0.68,36,23.0,5.4,14.0,114,6.0,2.72,4.86,2.57,1.39,19.0,41.0,22.0,199,71,11.0,4.99,5.05,390,0.12,61,7.0
"Barcelona, Spain",130,17.0,10.0,4.17,1.02,2.98,1.88,7.0,2.17,1.5,1.09,7.0,2.13,0.96,1631.0,1208.0,160,1111.0,805.0,102,40.0,430,104,9.0,13.0,96,37,94,100,29321.0,1.58,46,22.0,7.0,7.0,66,6.0,3.14,3.09,2.09,2.69,22.0,38.0,20.0,51,55,13.0,3.37,4.62,560,0.28,63,5.76
"Albuquerque, New Mexico, United States",126,15.0,8.0,3.69,0.7,2.36,3.82,5.82,3.75,1.94,3.05,12.0,1.75,2.34,1538.0,1290.0,197,924.0,709.0,144,67.0,419,132,8.0,14.0,44,37,93,94,23490.0,0.67,30,17.0,6.0,19.0,87,7.0,3.17,4.29,3.39,1.82,17.0,36.0,23.0,130,56,9.0,3.84,5.35,432,0.13,47,8.0
"Madrid, Spain",125,17.0,9.0,3.59,0.88,2.54,1.89,6.0,2.15,1.31,0.99,8.0,1.95,0.77,1608.0,1072.0,138,1061.0,753.0,97,35.0,404,100,10.0,12.0,80,30,89,116,26629.0,1.58,60,16.0,7.0,7.0,52,4.15,2.51,3.35,1.66,2.15,17.0,36.0,19.0,61,56,12.0,3.82,4.69,547,0.22,52,5.56
"Bilbao, Spain",122,17.0,9.0,4.06,0.99,3.17,2.56,11.0,2.37,1.18,0.98,6.0,2.01,1.28,1343.0,898.0,121,883.0,713.0,114,36.0,402,168,8.0,13.0,95,46,91,120,26873.0,1.51,48,16.0,4.99,5.89,69,4.31,3.46,3.23,1.81,1.96,19.0,41.0,18.0,63,49,9.0,2.28,5.32,497,0.13,69,5.62
"Lisbon, Portugal",120,10.0,7.0,3.31,1.1,2.81,1.88,4.07,2.01,1.23,1.25,5.51,2.56,1.09,1408.0,1135.0,151,1302.0,880.0,92,38.0,481,117,8.0,9.0,113,41,97,101,30370.0,1.94,44,14.0,5.77,9.0,64,4.11,3.93,4.6,1.79,2.97,19.0,29.0,17.0,47,51,10.0,3.74,2.17,554,0.16,45,5.84
"Quebec City, Canada",120,14.0,9.0,5.35,1.68,3.23,4.02,8.0,3.4,1.63,2.64,13.0,1.95,1.68,1092.0,722.0,91,581.0,497.0,49,34.0,369,99,8.0,20.0,63,42,88,105,17009.0,0.91,68,15.0,5.58,24.0,100,5.02,2.82,2.97,1.84,2.04,17.0,39.0,19.0,98,70,8.0,3.51,5.37,462,0.23,37,9.0
"Valencia, Spain",119,19.0,9.0,4.18,0.88,3.25,1.75,5.98,1.88,1.39,0.96,6.0,1.93,1.13,1139.0,818.0,157,829.0,565.0,142,35.0,360,110,8.0,11.0,83,32,86,106,28893.0,1.42,51,18.0,9.0,6.0,79,5.69,3.22,3.77,1.41,1.63,17.0,35.0,20.0,68,43,12.0,3.66,3.87,527,0.2,51,5.69
"Taipei, Taiwan",116,4.45,5.22,5.36,3.51,3.32,3.57,11.0,5.25,3.02,1.84,19.0,1.97,1.92,1698.0,944.0,157,689.0,487.0,71,23.0,538,149,7.0,14.0,82,34,99,125,21531.0,1.05,46,9.0,8.0,9.0,31,12.0,6.0,8.0,2.73,3.65,25.0,41.0,21.0,128,29,14.0,3.4,2.14,475,0.18,48,4.94
"Muscat, Oman",113,7.0,7.0,3.54,1.56,4.35,1.32,4.04,2.5,1.46,4.58,21.0,2.72,1.27,1196.0,817.0,162,658.0,437.0,95,78.0,490,140,9.0,9.0,42,42,75,70,19815.0,0.55,35,10.0,9.0,21.0,39,8.0,4.61,4.92,2.9,3.87,11.0,22.0,19.0,188,32,24.0,5.16,10.0,449,0.14,52,4.68
"Panama City, Panama",112,16.0,7.0,3.36,1.58,2.29,2.2,6.0,2.17,2.12,1.35,11.0,2.23,1.45,1543.0,859.0,117,936.0,558.0,70,41.0,312,113,7.0,5.68,48,36,84,84,20761.0,0.95,35,10.0,9.0,23.0,49,4.84,3.48,7.0,2.58,2.8,18.0,31.0,13.0,50,56,9.0,5.14,4.06,690,0.23,55,4.87
"Montevideo, Uruguay",110,14.0,9.0,4.27,0.82,2.98,1.88,6.0,1.51,1.44,1.89,7.0,2.46,1.43,860.0,566.0,105,688.0,462.0,86,28.0,374,160,5.75,5.79,97,48,101,103,30149.0,1.56,46,11.0,9.0,12.0,29,9.0,3.12,7.0,1.9,2.8,11.0,23.0,14.0,31,47,7.0,3.98,4.19,997,0.21,56,4.13
"Athens, Greece",109,18.0,9.0,4.41,1.63,4.67,1.63,5.06,1.5,1.04,1.33,12.0,2.2,0.85,893.0,658.0,131,626.0,423.0,85,21.0,337,108,8.0,7.0,79,32,113,93,22845.0,1.84,35,14.0,5.25,10.0,35,5.86,4.59,4.22,2.02,2.96,14.0,41.0,18.0,46,59,13.0,4.51,5.3,564,0.48,44,5.15
"Zaragoza, Spain",108,21.0,9.0,3.58,0.96,2.07,1.98,9.0,1.83,1.12,1.0,9.0,1.68,0.95,1022.0,737.0,144,676.0,473.0,110,27.0,406,95,10.0,11.0,99,35,91,94,22109.0,1.44,45,14.0,7.0,5.47,61,5.56,2.48,3.43,1.7,2.19,14.0,27.0,16.0,53,45,10.0,2.22,3.59,510,0.18,53,5.73
"Malaga, Spain",107,19.0,9.0,3.38,0.92,2.38,1.47,7.0,1.63,1.13,0.84,7.0,1.86,0.98,1096.0,802.0,119,642.0,512.0,80,32.0,427,110,6.0,11.0,83,28,78,102,25382.0,1.63,43,17.0,5.28,8.0,65,4.25,2.97,2.82,2.04,1.94,16.0,28.0,16.0,72,42,9.0,3.06,4.54,462,0.16,53,5.69
"Oporto, Portugal",106,9.0,8.0,3.0,0.69,2.27,1.72,5.72,1.61,1.16,1.2,5.21,1.97,0.99,1166.0,780.0,154,783.0,568.0,85,31.0,360,102,7.0,8.0,99,34,91,115,31335.0,1.92,40,13.0,5.25,5.9,49,3.93,3.87,4.77,1.64,2.43,16.0,32.0,15.0,54,51,8.0,3.04,2.23,519,0.21,37,6.0
"Las Palmas de Gran Canaria, Spain",104,15.0,8.0,3.3,0.9,2.74,1.56,5.99,2.24,1.22,0.88,9.0,1.96,0.94,1102.0,700.0,112,671.0,482.0,78,35.0,393,90,7.0,11.0,78,45,83,95,21458.0,1.21,41,16.0,7.0,7.0,69,3.8,2.61,3.09,1.59,1.65,16.0,29.0,16.0,63,44,10.0,2.55,4.05,478,0.23,44,5.2
"Santa Cruz de Tenerife, Spain",103,14.0,9.0,3.24,0.84,3.73,1.7,7.0,1.88,1.42,1.01,8.0,1.87,0.88,1029.0,751.0,80,683.0,509.0,61,38.0,411,94,8.0,11.0,93,32,94,104,20321.0,1.18,41,18.0,10.0,7.0,63,4.43,2.76,2.82,1.71,1.91,15.0,29.0,16.0,63,38,10.0,2.41,3.06,414,0.3,52,4.04
"Riga, Latvia",103,9.0,7.0,3.08,1.11,2.52,2.03,4.14,1.23,0.55,1.28,8.0,1.98,0.93,900.0,619.0,187,744.0,447.0,120,18.0,382,110,10.0,14.0,69,44,89,120,23206.0,1.37,55,9.0,8.0,16.0,45,4.96,4.02,3.08,1.76,2.83,20.0,28.0,18.0,76,48,8.0,3.11,3.72,535,0.11,43,4.62
"Bangkok, Thailand",102,2.51,6.0,1.22,1.58,2.63,1.34,10.0,2.89,1.25,1.83,20.0,1.28,1.31,1989.0,871.0,75,665.0,308.0,35,16.0,256,56,5.16,6.0,60,34,88,87,48979.0,0.86,39,10.0,3.79,5.15,35,3.06,2.82,3.38,1.58,1.64,13.0,28.0,13.0,76,64,9.0,2.4,2.53,427,0.05,56,4.32
"Seville, Spain",101,17.0,9.0,3.26,0.76,2.86,1.68,7.0,1.93,1.28,0.97,5.8,1.87,0.89,1070.0,674.0,114,737.0,506.0,90,26.0,344,85,7.0,11.0,81,30,86,84,25201.0,1.35,37,13.0,7.0,5.45,58,4.72,2.46,3.34,1.18,2.27,14.0,29.0,17.0,62,38,9.0,2.65,3.16,495,0.12,47,5.74
"Zagreb, Croatia",101,9.0,6.0,4.74,1.11,2.68,2.14,6.0,1.53,0.82,1.35,10.0,1.94,0.96,882.0,652.0,175,643.0,495.0,119,20.0,416,96,8.0,7.0,91,35,84,92,23098.0,1.59,55,10.0,6.0,8.0,43,3.77,4.26,4.03,1.39,2.32,9.0,24.0,11.0,40,47,8.0,1.98,2.62,533,0.12,44,4.83
"Amman, Jordan",100,8.0,7.0,2.62,1.48,2.15,0.78,3.68,2.11,0.89,5.11,22.0,1.6,0.45,702.0,486.0,87,432.0,264.0,66,25.0,307,112,7.0,8.0,78,65,103,97,32358.0,1.13,50,9.0,5.23,9.0,31,4.44,4.03,4.51,1.72,3.08,7.0,32.0,23.0,39,42,8.0,3.88,7.0,599,0.06,69,4.81
"Prague, Czech Republic",100,9.0,7.0,4.41,1.09,2.68,2.68,4.24,1.82,1.04,0.9,7.0,1.53,0.69,1277.0,904.0,163,894.0,645.0,80,14.0,472,124,12.0,10.0,80,39,92,112,25090.0,1.51,26,12.0,8.0,9.0,46,4.22,4.16,3.86,1.87,2.49,23.0,25.0,17.0,78,52,8.0,3.22,1.88,572,0.18,41,5.66
"Johannesburg, South Africa",97,9.0,4.18,3.03,1.09,2.72,1.36,4.22,1.83,1.33,1.33,8.0,1.51,0.86,932.0,632.0,94,698.0,449.0,47,42.0,305,102,8.0,2.16,61,37,89,93,22937.0,1.08,69,7.0,3.51,14.0,30,3.07,1.82,2.98,1.84,1.1,10.0,21.0,12.0,57,33,5.01,2.14,2.37,666,0.12,37,3.22
"Murcia, Spain",97,14.0,9.0,3.48,0.84,2.33,1.51,7.0,1.76,1.27,0.9,10.0,1.7,0.9,976.0,675.0,141,576.0,419.0,108,23.0,419,112,8.0,11.0,74,28,96,99,25647.0,1.35,24,21.0,5.84,8.0,59,5.63,2.51,3.3,1.36,1.45,15.0,33.0,16.0,62,40,8.0,2.52,3.34,511,0.2,48,5.58
"Caracas, Venezuela",96,15.0,10.0,2.41,1.81,2.17,1.45,2.68,5.43,1.42,1.29,7.0,2.42,1.7,754.0,527.0,72,404.0,315.0,72,29.0,440,180,4.24,23.0,46,32,70,92,39488.0,0.56,28,21.0,4.41,7.0,41,8.0,5.3,7.0,1.8,2.31,11.0,20.0,12.0,40,47,14.0,2.29,1.6,339,0.06,29,3.85
"San Jose, Costa Rica, Costa Rica",93,12.0,7.0,3.28,1.25,2.72,1.53,4.35,2.81,1.54,1.57,14.0,2.52,1.15,874.0,433.0,65,622.0,378.0,55,29.0,290,102,8.0,3.71,59,39,96,95,23625.0,1.08,36,10.0,5.66,15.0,58,5.16,4.96,5.8,2.74,2.49,11.0,19.0,10.0,26,43,7.0,3.84,1.94,589,0.07,53,3.75
"Vilnius, Lithuania",92,9.0,5.44,3.07,1.18,2.08,1.64,4.33,1.17,0.69,1.27,8.0,1.73,0.74,966.0,641.0,142,641.0,473.0,103,12.0,390,104,10.0,10.0,91,49,97,126,20223.0,1.3,31,8.0,7.0,7.0,37,5.38,4.6,4.94,1.73,3.14,23.0,26.0,15.0,65,60,9.0,3.14,3.81,573,0.17,49,4.26
"Jeddah, Saudi Arabia",91,5.21,7.0,3.68,1.33,2.83,1.53,3.47,2.02,1.12,,,2.05,0.76,661.0,448.0,136,368.0,256.0,82,66.0,338,109,8.0,6.0,43,50,94,87,20736.0,0.48,27,17.0,7.0,16.0,60,5.28,4.73,5.08,1.84,2.88,5.27,17.0,34.0,89,49,,3.53,,398,0.14,85,7.0
"Moscow, Russia",91,8.0,4.79,2.26,1.07,1.61,2.63,5.5,1.34,0.68,0.88,9.0,1.58,0.46,1534.0,1046.0,108,986.0,558.0,57,5.18,341,92,7.0,16.0,87,44,101,120,20574.0,0.68,29,7.0,5.47,9.0,29,3.56,3.09,2.97,1.35,1.51,14.0,28.0,10.0,95,71,7.0,2.94,3.79,491,0.06,54,2.43
"Cape Town, South Africa",91,7.0,3.87,2.48,0.94,2.42,1.47,3.84,1.42,1.11,1.33,5.38,1.51,0.86,1284.0,877.0,75,692.0,484.0,55,51.0,315,88,5.43,2.56,48,35,86,85,27397.0,1.07,37,7.0,4.28,9.0,26,2.98,2.08,3.45,1.79,1.22,10.0,26.0,13.0,54,35,5.12,1.86,2.75,483,0.09,34,2.93
"Guatemala City, Guatemala",90,11.0,6.0,3.4,1.59,2.21,1.55,4.97,2.39,2.03,1.65,14.0,2.1,1.08,1007.0,568.0,75,660.0,358.0,63,29.0,411,94,12.0,5.2,68,46,111,94,16707.0,1.05,17,10.0,5.09,11.0,37,7.0,4.01,6.0,2.58,2.1,12.0,26.0,11.0,27,55,7.0,3.64,3.44,811,0.13,57,3.55
"Santiago, Chile",87,12.0,6.0,2.2,1.03,2.72,1.46,4.9,1.58,0.98,1.28,7.0,2.01,0.58,969.0,633.0,67,639.0,393.0,42,17.0,306,75,9.0,7.0,46,30,67,73,18417.0,1.11,49,5.76,3.71,9.0,36,5.43,3.56,3.81,2.09,2.08,14.0,29.0,11.0,25,39,7.0,3.93,3.15,518,0.1,47,5.24
"Pretoria, South Africa",87,9.0,3.77,2.19,1.07,2.1,1.33,3.69,1.54,1.32,1.44,5.46,1.41,0.93,713.0,622.0,106,451.0,382.0,66,27.0,278,109,5.67,4.82,46,34,84,84,20472.0,1.05,64,9.0,4.22,15.0,28,2.51,1.91,3.34,1.62,1.28,9.0,23.0,12.0,51,33,4.14,1.9,1.88,504,0.11,34,3.01
"Warsaw, Poland",87,8.0,4.99,2.57,0.72,2.79,1.97,3.28,0.95,0.7,0.87,8.0,1.76,0.72,1292.0,878.0,140,810.0,604.0,111,13.0,445,95,9.0,5.68,77,44,81,97,20010.0,1.38,28,8.0,3.69,7.0,34,3.61,2.76,3.35,1.45,1.73,16.0,19.0,14.0,50,29,6.0,3.37,2.87,529,0.08,26,4.4
"Tijuana, Mexico",86,17.0,8.0,3.1,1.36,2.2,1.36,5.03,2.06,1.48,1.75,12.0,1.39,1.05,1102.0,431.0,39,506.0,277.0,41,18.0,365,108,5.41,3.77,31,27,65,57,15818.0,0.98,45,8.0,3.96,13.0,30,4.2,2.7,2.97,1.4,1.56,8.0,23.0,7.0,36,35,8.0,3.97,2.1,485,0.11,38,3.1
"Monterrey, Mexico",85,11.0,7.0,3.16,1.15,1.68,1.22,3.89,2.46,1.34,1.01,13.0,1.63,0.95,1036.0,468.0,82,746.0,341.0,49,19.0,374,129,4.92,3.53,45,26,76,54,18536.0,1.08,42,4.78,4.93,14.0,25,3.41,2.3,2.76,1.47,1.48,13.0,17.0,7.0,35,37,6.0,4.12,1.81,567,0.07,58,3.09
"Casablanca, Morocco",85,10.0,6.0,2.67,0.78,1.42,0.7,4.48,1.75,0.6,2.23,11.0,1.24,0.57,916.0,660.0,76,502.0,392.0,103,32.0,459,109,7.0,5.09,54,46,91,86,24568.0,1.06,26,7.0,3.46,10.0,24,3.68,3.61,3.14,1.19,2.02,5.55,27.0,12.0,42,50,8.0,3.07,5.22,600,0.15,26,3.76
"Budapest, Hungary",85,8.0,5.67,2.6,1.05,2.2,2.32,4.22,1.58,0.95,0.86,7.0,1.37,0.48,925.0,666.0,118,589.0,423.0,100,15.0,364,88,8.0,8.0,90,36,81,85,22837.0,1.45,31,10.0,9.0,9.0,54,4.37,2.84,2.53,1.4,1.65,13.0,23.0,13.0,53,36,7.0,2.45,1.59,587,0.08,36,5.17
"Mexico City, Mexico",85,12.0,6.0,2.71,1.11,1.79,1.14,3.5,2.05,1.2,1.2,12.0,1.54,1.11,1236.0,658.0,57,844.0,416.0,30,20.0,375,113,6.0,4.09,41,37,73,57,16899.0,1.03,24,3.11,4.08,9.0,36,3.62,2.67,3.02,1.56,1.63,16.0,21.0,8.0,40,39,9.0,4.13,2.55,580,0.08,73,3.29
"Kuala Lumpur, Malaysia",84,4.86,3.74,1.95,1.61,1.95,1.56,6.0,2.36,1.09,2.67,23.0,1.15,0.67,1053.0,517.0,80,577.0,346.0,55,32.0,388,104,5.11,8.0,55,39,69,69,36187.0,0.5,23,8.0,4.15,5.71,15,3.93,2.33,3.86,1.51,1.78,9.0,20.0,8.0,48,49,8.0,3.22,5.66,460,0.13,46,4.34
"Santo Domingo, Dominican Republic",84,8.0,6.0,2.85,1.14,1.62,1.24,3.84,2.08,1.29,1.88,14.0,1.32,1.33,687.0,390.0,78,356.0,228.0,47,41.0,453,154,4.67,3.53,39,39,72,82,19558.0,1.06,36,19.0,6.0,6.0,33,7.0,2.86,4.2,1.77,2.47,12.0,11.0,10.0,40,40,8.0,2.25,2.08,685,0.14,31,4.08
"Quito, Ecuador",84,12.0,7.0,3.38,0.99,1.86,1.6,4.77,1.74,0.99,1.39,14.0,1.84,0.9,696.0,366.0,60,504.0,280.0,37,22.0,503,173,7.0,7.0,73,50,114,77,22721.0,0.88,22,10.0,4.84,9.0,40,5.55,4.23,5.76,1.77,1.58,13.0,19.0,11.0,56,36,10.0,5.04,2.46,653,0.15,55,5.51
"Kraków, Poland",79,8.0,5.76,2.29,0.75,2.43,1.78,2.83,0.95,0.61,0.9,7.0,1.66,0.67,949.0,642.0,142,596.0,426.0,71,10.0,384,128,7.0,6.0,78,44,72,92,17985.0,1.28,30,7.0,3.83,10.0,32,3.99,2.85,3.13,1.1,1.79,11.0,16.0,14.0,53,29,5.97,3.04,2.69,471,0.11,30,4.37
"São Paulo, Brazil",78,6.0,5.31,1.89,0.77,2.09,1.24,4.18,1.59,0.97,1.0,9.0,1.43,0.68,754.0,502.0,84,640.0,391.0,57,14.0,311,100,4.37,3.57,45,39,65,55,18651.0,1.02,48,7.0,3.74,9.0,37,3.05,2.09,2.94,1.13,0.92,13.0,22.0,14.0,58,35,5.08,1.8,1.93,655,0.18,29,1.89
"Puebla, Mexico",78,13.0,7.0,2.36,1.05,1.83,1.08,3.33,2.17,1.23,1.26,12.0,1.66,1.15,863.0,400.0,53,515.0,240.0,50,21.0,292,101,4.59,2.96,43,38,78,64,18995.0,1.0,22,8.0,5.51,14.0,32,4.31,2.97,2.86,1.64,1.26,9.0,19.0,7.0,40,39,6.0,3.83,1.82,574,0.17,45,3.31
"Queretaro, Mexico",78,13.0,6.0,3.07,1.06,2.19,1.18,3.58,2.45,1.49,1.12,13.0,1.63,1.16,852.0,376.0,48,485.0,277.0,32,19.0,392,112,4.65,4.43,38,38,80,58,17480.0,0.99,27,7.0,3.27,8.0,28,3.65,2.2,3.08,1.52,1.75,12.0,18.0,8.0,25,37,7.0,3.64,2.31,628,0.16,33,2.99
"Jakarta, Indonesia",77,2.88,3.52,2.48,1.48,1.93,1.16,4.03,2.7,1.5,2.52,18.0,1.29,1.17,1165.0,686.0,132,453.0,264.0,82,18.0,291,122,4.07,4.76,46,32,79,82,33578.0,0.62,16,3.19,2.02,6.0,22,2.93,1.59,2.95,1.2,0.83,7.0,15.0,7.0,29,26,11.0,2.2,3.46,505,0.13,50,1.98
"Rio de Janeiro, Brazil",77,5.58,4.89,1.57,0.78,1.44,1.18,3.13,1.34,0.87,0.9,7.0,1.44,0.73,701.0,438.0,122,558.0,313.0,108,13.0,337,101,3.93,3.27,35,38,58,51,19005.0,1.12,46,6.0,4.4,8.0,42,3.58,2.14,2.74,1.27,0.94,8.0,18.0,9.0,30,40,6.0,2.02,1.74,711,0.27,30,1.76
"Nairobi, Kenya",76,4.37,5.68,3.4,0.89,1.98,0.89,5.27,2.22,0.81,1.72,9.0,1.42,0.43,1114.0,490.0,59,460.0,191.0,43,49.0,377,96,8.0,3.73,23,24,45,49,15026.0,1.04,32,13.0,2.43,12.0,26,3.1,3.23,4.35,1.24,1.38,7.0,18.0,11.0,23,31,7.0,2.44,2.11,401,0.03,45,2.59
"Bucharest, Romania",76,8.0,4.98,3.7,1.18,3.02,1.39,3.22,0.92,0.63,0.94,7.0,1.34,0.63,915.0,505.0,109,492.0,321.0,68,9.0,300,84,8.0,6.0,58,38,81,84,18177.0,1.32,16,4.61,6.0,8.0,32,3.98,3.0,4.29,1.79,2.54,9.0,22.0,12.0,32,52,7.0,3.09,2.27,627,0.18,53,4.33
"Guadalajara, Mexico",75,11.0,6.0,2.98,1.08,1.64,1.13,3.33,2.03,1.03,1.16,10.0,1.37,0.99,868.0,434.0,40,551.0,240.0,28,17.0,366,134,4.87,4.58,39,28,68,54,18946.0,1.01,29,7.0,3.28,4.86,29,3.0,2.29,2.85,1.54,1.15,9.0,15.0,8.0,42,36,5.98,3.79,1.73,540,0.12,39,2.89
"Brasília, Brazil",75,7.0,5.31,1.79,0.74,1.65,1.14,3.58,1.34,0.87,1.12,9.0,1.28,0.7,613.0,443.0,146,414.0,286.0,129,13.0,297,89,4.57,3.49,35,38,66,44,17866.0,1.1,44,8.0,4.24,10.0,47,3.61,1.9,2.74,0.93,0.87,9.0,19.0,11.0,44,37,5.12,2.46,1.76,675,0.12,23,2.02
"Ho Chi Minh City, Vietnam",74,2.53,4.2,1.6,1.5,1.37,1.0,5.67,2.7,1.33,1.06,15.0,0.99,1.02,1114.0,795.0,69,554.0,383.0,34,12.0,382,119,9.0,3.2,44,34,104,70,47806.0,0.83,8,5.8,1.92,5.31,34,4.24,2.73,3.7,1.36,1.0,4.86,21.0,9.0,27,27,8.0,2.1,1.11,491,0.08,24,1.24
"Lima, Peru",73,7.0,4.71,2.14,1.1,1.75,0.86,3.52,1.23,0.63,1.49,10.0,1.88,0.46,769.0,431.0,47,539.0,308.0,33,18.0,349,102,7.0,4.17,37,22,65,65,16974.0,1.12,34,13.0,5.55,7.0,22,5.02,3.83,4.25,1.3,1.33,9.0,11.0,9.0,24,33,7.0,3.62,1.85,520,0.11,56,4.02
"Kyiv, Ukraine",73,8.0,4.56,2.23,1.17,1.63,1.78,4.9,1.15,0.53,0.92,7.0,1.04,0.56,1105.0,669.0,80,679.0,418.0,49,5.71,347,133,12.0,7.0,72,43,106,100,26191.0,1.03,13,4.56,5.73,7.0,14,2.05,1.83,2.53,1.4,1.79,9.0,15.0,7.0,50,50,5.5,1.57,1.88,534,0.04,33,2.12
"Valparaiso, Chile",72,11.0,5.79,1.95,0.99,2.28,1.14,4.32,1.18,0.63,1.29,5.92,1.77,0.52,598.0,438.0,76,416.0,256.0,42,18.0,232,84,8.0,4.56,41,25,51,55,13250.0,1.11,41,6.0,3.82,7.0,26,5.56,3.48,2.83,1.71,1.46,11.0,22.0,9.0,41,32,5.76,3.28,2.85,412,0.08,43,4.43
"Campinas, Brazil",71,5.14,5.52,1.48,0.77,1.72,1.08,4.14,1.59,0.81,1.04,8.0,1.55,0.73,613.0,385.0,67,362.0,256.0,82,12.0,293,74,5.32,2.78,39,33,54,37,17896.0,0.95,47,5.79,3.29,9.0,51,2.63,2.28,2.39,1.21,0.72,8.0,19.0,10.0,31,35,3.98,1.42,1.83,557,0.24,21,1.67
"Florianopolis, Brazil",70,5.2,5.19,1.55,0.67,1.89,0.83,3.44,1.04,0.58,1.02,5.9,1.39,0.66,572.0,446.0,106,422.0,245.0,154,15.0,265,77,4.87,3.5,40,46,57,44,16029.0,1.04,31,6.0,3.76,12.0,57,2.9,2.64,2.6,1.3,0.82,6.0,18.0,9.0,26,28,4.54,1.76,2.17,486,0.31,26,1.62
"Porto Alegre, Brazil",69,5.21,5.1,1.73,0.65,1.7,1.3,3.83,1.36,0.94,0.85,6.0,1.25,0.66,443.0,275.0,114,313.0,222.0,69,15.0,314,86,5.09,3.53,43,38,57,44,17297.0,1.12,43,7.0,3.26,9.0,32,2.94,2.09,2.82,1.11,0.68,10.0,14.0,10.0,44,33,4.74,2.41,2.77,610,0.27,25,1.7
"Belo Horizonte, Brazil",68,5.18,5.71,1.38,0.71,1.68,0.96,3.13,1.08,0.79,1.09,8.0,1.57,0.59,567.0,311.0,157,383.0,217.0,55,15.0,344,77,3.62,3.41,34,33,56,49,17127.0,1.08,39,5.12,2.74,9.0,45,2.95,2.49,2.9,0.96,0.92,8.0,17.0,9.0,29,34,4.07,1.95,1.92,578,0.23,22,1.61
"São José dos Campos, Brazil",68,5.9,5.58,1.69,0.75,1.98,1.09,3.5,1.34,0.84,0.91,8.0,1.41,0.68,449.0,348.0,91,331.0,220.0,66,13.0,321,80,3.59,3.09,38,41,45,47,17499.0,0.99,42,5.74,3.13,6.0,41,4.33,2.06,2.49,0.92,0.78,9.0,16.0,9.0,24,27,4.01,1.99,1.68,480,0.26,25,2.22
"Curitiba, Brazil",67,5.11,5.15,1.64,0.69,1.82,0.93,4.14,1.28,0.7,1.08,8.0,1.38,0.65,464.0,340.0,117,347.0,247.0,52,17.0,318,98,5.43,3.3,39,37,58,53,18224.0,1.0,35,6.0,2.82,10.0,44,2.41,2.14,2.94,1.28,0.88,11.0,21.0,9.0,53,36,4.56,2.09,1.83,699,0.16,21,1.83
"Santa Cruz de la Sierra, Bolivia",67,6.0,5.77,1.79,0.95,1.66,0.93,3.62,1.72,0.88,1.45,8.0,1.61,0.63,606.0,392.0,57,425.0,290.0,40,25.0,381,163,5.74,2.56,38,30,80,76,15651.0,0.55,23,13.0,4.08,4.31,33,4.96,2.95,3.22,1.29,1.73,9.0,11.0,13.0,28,33,5.51,3.86,2.66,485,0.17,50,2.54
"Bogotá, Colombia",65,7.0,4.85,2.08,0.72,1.65,0.79,2.21,1.58,0.67,0.74,11.0,1.14,0.54,750.0,393.0,67,455.0,242.0,42,16.0,311,85,4.87,2.63,47,30,70,51,15529.0,0.7,36,5.28,3.77,4.38,20,4.35,3.11,4.02,1.54,1.29,7.0,9.0,5.98,22,26,7.0,2.07,0.88,533,0.06,32,2.06
"Salvador, Brazil",63,6.0,4.46,1.58,0.85,1.45,0.69,3.05,1.18,0.83,0.83,7.0,1.08,0.49,538.0,364.0,56,339.0,244.0,46,12.0,294,88,2.81,2.25,31,33,50,38,14186.0,0.93,42,5.85,3.31,5.4,28,2.72,1.76,2.49,0.86,0.69,6.0,15.0,9.0,28,27,3.16,1.65,1.47,645,0.26,22,1.92
"Delhi, India",62,7.0,4.45,2.09,0.84,1.27,0.59,2.56,1.79,0.39,2.13,19.0,1.21,0.36,448.0,268.0,70,310.0,193.0,58,8.0,415,120,4.52,7.0,39,39,67,52,14357.0,1.3,23,2.94,1.38,2.89,9,4.45,2.3,4.49,1.9,1.06,3.57,16.0,7.0,30,39,10.0,3.19,3.93,572,0.02,31,4.21
"Asunción, Paraguay",60,5.98,4.43,1.25,0.8,1.68,1.46,2.28,1.65,0.86,0.76,7.0,1.59,0.37,770.0,400.0,49,414.0,293.0,40,11.0,297,107,2.91,2.82,34,26,74,44,10461.0,0.83,23,13.0,4.33,5.92,21,4.53,2.3,3.38,1.28,1.23,8.0,10.0,10.0,20,22,3.75,3.11,1.39,608,0.14,34,1.55
"Medellín, Colombia",60,6.0,4.81,1.88,0.67,1.5,0.66,2.18,1.7,0.73,0.81,9.0,1.24,0.69,641.0,335.0,57,364.0,211.0,31,16.0,306,76,5.12,3.35,45,25,63,64,15729.0,0.64,30,4.98,3.43,2.78,19,5.07,3.73,4.15,1.51,1.15,7.0,10.0,6.0,23,21,5.44,2.09,0.77,489,0.05,33,1.99
"Bangalore, India",60,4.68,3.43,2.43,0.73,1.09,0.39,3.49,2.34,0.47,1.99,11.0,1.25,0.68,479.0,330.0,69,247.0,186.0,66,11.0,426,191,7.0,5.71,25,32,48,43,15748.0,1.37,22,3.02,2.96,4.07,9,4.46,2.46,3.52,2.46,1.19,3.55,20.0,8.0,18,26,9.0,3.88,3.48,447,0.02,27,3.45
"Cairo, Egypt",60,4.84,5.52,2.38,0.97,1.36,0.39,1.73,1.56,0.38,1.7,10.0,0.98,0.62,497.0,311.0,36,273.0,154.0,21,11.0,275,140,6.0,4.12,50,54,125,66,26952.0,0.5,13,2.51,2.9,4.44,17,3.89,2.61,2.74,1.23,1.57,5.61,21.0,11.0,69,26,6.0,2.07,2.08,622,0.08,29,2.78
"Barranquilla, Colombia",59,5.6,4.44,1.99,0.69,1.43,0.8,1.94,1.36,0.64,0.73,10.0,0.99,0.53,518.0,278.0,76,299.0,208.0,56,19.0,281,82,3.47,3.16,44,31,66,44,18867.0,0.77,28,9.0,4.94,5.68,23,4.19,2.84,3.76,1.44,1.17,5.06,8.0,6.0,14,24,5.52,1.52,1.03,393,0.04,30,1.47
"Baku, Azerbaijan",58,5.27,4.94,1.79,1.05,1.38,1.12,1.92,0.92,0.52,1.03,7.0,1.03,0.3,671.0,336.0,47,349.0,197.0,30,17.0,351,125,9.0,8.0,45,43,91,95,18086.0,0.59,12,4.47,5.23,5.71,25,3.4,2.82,3.29,1.37,1.6,7.0,17.0,10.0,24,31,7.0,2.44,1.15,517,0.04,38,3.14
"Almaty, Kazakhstan",57,7.0,4.1,1.88,0.85,1.21,1.87,3.1,1.48,0.48,0.7,12.0,1.09,0.36,620.0,377.0,50,491.0,266.0,35,9.0,260,86,5.99,8.0,61,34,98,86,15461.0,0.4,13,4.88,5.11,7.0,12,2.27,1.88,2.17,1.01,1.03,8.0,18.0,7.0,49,35,4.37,2.61,2.24,512,0.04,43,1.05
"Santiago de Cali, Colombia",57,6.0,4.84,1.94,0.74,1.94,0.64,2.46,1.51,0.51,0.7,12.0,0.94,0.56,577.0,220.0,56,302.0,147.0,39,20.0,309,83,4.12,2.82,41,25,53,42,13855.0,0.61,32,7.0,3.33,2.32,19,4.39,3.04,3.83,1.58,1.07,5.25,5.91,5.66,26,22,5.92,1.87,0.9,393,0.04,25,1.5
"Arequipa, Peru",56,4.88,3.89,1.79,1.09,1.42,0.86,2.39,1.39,0.67,1.5,8.0,1.73,0.38,418.0,226.0,30,371.0,198.0,26,17.0,311,99,7.0,4.96,38,31,59,63,12374.0,0.93,19,8.0,3.81,7.0,18,6.0,2.73,3.83,1.05,1.27,5.47,10.0,7.0,25,22,6.0,3.54,1.61,522,0.15,33,3.77
"Bucaramanga, Colombia",55,5.96,4.81,1.73,0.76,1.07,0.5,2.66,1.03,0.43,0.71,8.0,1.16,0.44,422.0,232.0,62,253.0,163.0,36,17.0,333,131,3.89,2.29,49,33,61,59,13013.0,0.57,34,9.0,3.56,2.56,18,2.79,3.09,3.12,1.67,0.95,4.25,7.0,5.24,27,18,4.26,1.67,0.94,442,0.07,28,1.39
"Pune, India",52,4.14,4.06,1.82,0.74,1.1,0.53,3.06,2.2,0.5,2.18,7.0,1.16,0.49,475.0,310.0,45,229.0,144.0,37,10.0,362,171,5.14,6.0,32,35,50,36,14004.0,1.22,16,2.67,1.27,2.61,10,4.39,2.36,3.18,2.6,0.96,2.41,17.0,6.0,16,14,8.0,1.99,2.43,500,0.02,19,4.15
"Istanbul, Turkey",45,3.23,2.39,1.43,0.56,1.25,0.49,2.35,0.51,0.29,1.14,7.0,0.61,0.21,396.0,242.0,55,343.0,177.0,44,6.0,253,115,3.1,2.41,26,21,47,31,22211.0,0.61,19,2.98,1.8,2.33,16,2.15,1.82,1.56,0.86,1.16,3.99,13.0,4.47,19,32,4.71,1.53,2.0,336,0.05,18,1.37
"Ankara, Turkey",40,3.78,2.37,1.27,0.53,1.24,0.53,2.05,0.56,0.25,1.17,7.0,0.6,0.18,275.0,151.0,50,204.0,123.0,39,5.59,177,51,2.71,2.13,25,16,43,31,24929.0,0.57,14,2.69,1.06,1.73,32,1.43,1.6,1.38,0.98,1.39,3.58,11.0,3.62,11,24,3.83,1.3,1.96,295,0.05,14,1.38
"İzmir, Turkey",39,2.8,2.16,1.34,0.48,1.28,0.53,1.78,0.4,0.31,1.02,5.97,0.45,0.21,238.0,158.0,49,174.0,96.0,34,5.5,154,55,2.16,3.46,17,14,47,28,23584.0,0.56,13,2.49,1.41,2.25,14,1.53,1.53,1.46,0.73,1.25,2.79,14.0,3.62,13,24,3.83,1.3,1.91,345,0.06,20,1.33
