CITY,PRICE_INDEX,Basic lunchtime menu (including a drink) in the business district,Combo meal in fast food restaurant (big mac meal or similar),500 gr (1 lb.) of boneless chicken breast,1 liter (1 qt.) of whole fat milk,"12 eggs, large",1 kg (2 lb.) of tomatoes,500 gr (16 oz.) of local cheese,1 kg (2 lb.) of apples,1 kg (2 lb.) of potatoes,0.5 l (16 oz) domestic beer in the supermarket,"1 bottle of red table wine, good quality",2 liters of coca-cola,Bread for 2 people for 1 day,Monthly rent for 85 m2 (900 sqft) furnished accommodation in expensive area,Monthly rent for 85 m2 (900 sqft) furnished accommodation in normal area,"Utilities 1 month (heating, electricity, gas ...) for 2 people in 85m2 flat",Monthly rent for a 45 m2 (480 sqft) furnished studio in expensive area,Monthly rent for a 45 m2 (480 sqft) furnished studio in normal area,"Utilities 1 month (heating, electricity, gas ...) for 1 person in 45 m2 (480 sqft) studio",Internet 8 mbps (1 month),40” flat screen tv,"Microwave 800/900 watt (bosch, panasonic, lg, sharp, or equivalent brands)",Laundry detergent (3 l. ~ 100 oz.),Hourly rate for cleaning help,1 pair of jeans (levis 501 or similar),"1 summer dress in a high street store (zara, h&m or similar retailers)","1 pair of sport shoes (nike, adidas, or equivalent brands)",1 pair of men’s leather business shoes,"Volkswagen golf 1.4 tsi 150 cv (or equivalent), with no extras, new",1 liter (1/4 gallon) of gas,Monthly ticket public transport,"Taxi trip on a business day, basic tariff, 8 km. (5 miles)","Cold medicine for 6 days (tylenol, frenadol, coldrex, or equivalent brands)",1 box of antibiotics (12 doses),Short visit to private doctor (15 minutes),"1 box of 32 tampons (tampax, ob, ...)","Deodorant, roll-on (50ml ~ 1.5 oz.)",Hair shampoo 2-in-1 (400 ml ~ 12 oz.),4 rolls of toilet paper,Tube of toothpaste,Standard men's haircut in expat area of the city,Basic dinner out for two in neighborhood pub,2 tickets to the movies,2 tickets to the theater (best available seats),"Dinner for two at an italian restaurant in the expat area including appetisers, main course, wine and dessert",1 cocktail drink in downtown club,Cappuccino in expat area of the city,1 beer in neighbourhood pub (500ml or 1pt.) ,Ipad wi-fi 128gb,1 min. of prepaid mobile tariff (no discounts or plans),1 month of gym membership in business district,1 package of marlboro cigarettes
"Hamilton, Bermuda",315,24,13,10,2.69,4.74,10,8,10,3.55,5.03,19,5.54,7,"4,541","3,624",378,"2,435","1,779",238,112,642,324,18,28,77,83,123,141,"37,231",2.17,72,23,10,32,107,13,7,8,5.64,5.04,27,71,24,92,121,12,5.50,9,595,0.24,147,12
"Grand Cayman, Cayman Islands",286,17,10,6,2.73,5.34,7,10,5.02,3.42,4.32,23,3.72,2.62,"3,251","2,176",465,"2,597","1,432",224,98,550,215,16,13,76,73,160,162,"27,925",1.23,144,31,11,31,90,8,8,8,5.08,4.96,37,70,30,54,121,14,7,7,640,0.43,72,12
"Mountain View, California, United States",277,17,11,5.90,1.23,5.31,5.60,8,4.33,2.62,2.15,19,2.05,3.23,"4,496","3,709",228,"3,154","2,398",157,41,472,129,12,30,52,53,95,121,"23,270",1.00,142,25,7,25,120,10,4.39,5.71,3.67,1.98,27,61,27,345,104,13,4.88,7,430,0.15,71,7
"Geneva, Switzerland",276,31,15,16,1.78,9,4.75,11,4.41,3.37,2.02,19,2.63,3.44,"3,988","2,858",368,"1,828","1,440",153,48,718,125,13,26,111,60,133,207,"27,424",1.75,65,37,12,30,128,9,4.41,4.78,3.73,3.74,37,83,37,150,127,21,5.26,7,606,0.58,97,9
"New York City, United States",272,16,9,6,1.18,4.45,5.38,9,4.13,2.04,3.62,17,2.33,2.64,"4,184","2,886",173,"3,076","2,047",107,52,320,149,12,27,56,46,84,142,"26,254",0.85,126,21,9,27,154,8,4.43,6,4.45,2.01,26,59,33,407,116,16,5.14,8,471,0.47,102,15
"Zurich, Switzerland",264,30,14,13,1.59,8,3.94,11,3.60,2.77,1.61,18,2.84,2.20,"3,275","2,205",172,"2,073","1,513",155,48,522,150,23,32,130,57,131,187,"23,608",1.62,88,40,14,29,148,8,5.10,7,3.62,3.90,39,70,40,224,122,18,5.74,8,560,0.38,105,9
"San Francisco, California, United States",262,18,9,5.87,1.14,4.42,5.37,12,4.20,2.68,4.07,18,2.24,4.03,"4,319","3,250",174,"3,036","2,183",112,56,449,123,12,29,70,43,101,164,"24,464",1.07,91,19,9,12,132,7,4.80,8,4.63,2.35,32,61,30,268,113,15,5.05,8,483,0.23,109,11
"Basel, Switzerland",252,25,16,13,1.81,8,4.28,11,4.13,3.34,3.60,17,2.86,2.46,"2,345","2,030",227,"1,766",999,154,61,716,138,13,30,107,48,126,180,"24,459",1.66,85,40,15,37,122,5.55,5.18,4.90,3.13,3.76,46,69,38,223,148,18,5.31,7,467,0.38,106,8
Hong Kong,242,12,5.27,5.53,3.20,3.32,2.30,11,2.47,2.06,1.87,22,2.07,2.08,"5,718","4,027",146,"3,394","2,173",103,24,523,106,10,11,80,40,104,137,"31,915",2.19,63,10,8,11,51,5.79,5.19,7,1.50,2.83,31,53,27,66,126,14,5.27,7,494,0.13,114,8
"Washington D.C., United States",237,16,9,4.94,0.92,2.88,5.05,7,4.30,1.65,3.25,16,1.97,2.06,"2,785","2,283",165,"2,166","1,637",122,49,347,113,10,28,58,48,101,107,"22,903",0.73,155,24,7,19,106,7,3.43,4.89,2.58,1.68,22,57,29,226,111,15,5.27,8,435,0.19,72,9
"London, United Kingdom",236,16,7,3.94,1.11,2.57,2.78,4.47,2.20,1.36,2.12,10,2.20,1.29,"3,313","2,354",177,"2,162","1,523",127,28,413,102,7,16,86,38,84,102,"24,768",1.59,185,32,3.19,14,145,4.23,2.39,4.21,2.27,1.84,16,39,29,184,73,13,3.70,6,572,0.14,54,14
"Oakland, California, United States",235,14,9,5.89,1.11,4.58,5.32,8,3.68,1.85,3.12,13,2.43,2.92,"3,580","2,719",158,"2,509","2,204",76,52,347,99,12,38,57,52,103,120,"21,143",0.98,90,19,11,17,129,8,4.30,7,3.40,2.15,30,50,24,189,98,13,4.83,7,425,0.20,94,10
"Lugano, Switzerland",233,25,14,13,1.51,7,4.48,12,4.49,2.66,1.89,17,2.62,2.30,"2,641","1,967",228,"1,422","1,083",114,54,591,158,14,26,108,63,131,196,"28,936",1.57,55,40,14,44,113,8,5.95,5.42,3.11,4.03,39,69,34,114,107,16,3.91,7,538,0.39,104,8
"Nassau, Bahamas",231,26,7,6,3.93,4.85,4.25,6,4.92,4.03,3.00,22,3.60,3.19,"2,515","1,530",379,"1,255",754,286,45,720,237,12,12,75,52,115,113,"35,913",1.22,66,25,10,22,86,8,6,7,5.09,4.32,18,74,21,40,126,10,5.54,5.98,484,0.73,85,8
"Jersey City, New Jersey, United States",226,20,9,4.53,0.98,3.95,4.67,7,5.00,2.39,2.19,18,2.31,3.08,"2,592","2,174",191,"2,379","1,429",133,60,396,114,19,18,57,43,75,93,"20,527",0.66,117,14,8,29,164,9,5.46,7,7,3.63,38,73,31,56,66,14,4.14,5.49,440,0.14,51,9
"Boston, Massachusetts, United States",224,14,9,5.14,0.89,3.16,7,8,3.46,1.91,3.84,16,2.08,2.31,"2,944","2,432",146,"2,582","2,016",130,54,375,140,11,28,57,36,99,133,"20,125",0.70,89,18,9,11,165,8,4.39,5.49,3.65,2.32,27,53,27,312,103,13,4.93,7,508,0.15,97,11
"Dublin, Ireland",218,14,9,5.03,1.18,3.80,2.76,5.78,2.23,1.14,2.85,16,2.71,1.62,"2,579","1,922",159,"1,823","1,301",111,44,426,120,10,16,88,40,101,96,"29,920",1.58,142,20,5.88,15,63,5.65,3.82,5.18,2.42,2.47,18,43,25,131,83,13,4.23,7,432,0.37,49,14
"Seattle, Washington, United States",218,16,9,5.97,1.00,3.65,5.47,8,3.83,1.57,4.06,15,2.63,2.67,"2,727","2,148",181,"2,014","1,474",117,49,329,145,16,25,54,47,90,133,"24,564",0.92,95,22,8,18,121,7,3.99,6,3.77,2.11,32,54,27,212,100,14,5.37,7,423,0.13,69,10
"Honolulu, Hawaii, United States",217,14,9,5.31,1.68,5.23,5.81,11,4.28,2.44,5.90,18,3.06,3.31,"2,459","1,919",184,"2,072","1,325",142,47,259,124,14,22,46,51,92,120,"29,804",0.99,69,18,9,16,135,9,4.86,5.84,4.42,2.00,21,50,27,143,58,10,5.48,6,434,0.53,68,10
"Los Angeles, California, United States",216,16,9,4.91,0.97,4.10,3.02,7,3.23,1.67,6,15,2.12,2.60,"2,967","2,281",180,"2,482","1,625",113,44,296,130,11,26,47,47,99,116,"23,293",1.05,79,14,9,21,143,8,3.71,5.50,4.43,2.07,29,51,28,223,85,14,5.04,7,445,0.21,55,8
"San Jose, California, United States",213,17,9,4.34,1.15,3.79,3.49,5.45,3.79,1.83,2.93,17,2.72,1.71,"2,904","2,312",129,"2,469","1,559",90,39,316,127,8,35,50,56,83,111,"24,037",1.01,81,18,8,23,111,6,3.43,5.09,2.91,1.68,19,54,27,222,74,14,5.47,8,422,0.39,50,8
"Copenhagen, Denmark",210,21,11,5.16,1.49,4.56,2.98,9,2.51,1.82,1.76,12,3.13,2.52,"2,410","1,958",220,"1,768","1,274",157,20,605,137,8,30,132,53,149,252,"38,736",1.65,68,27,6,11,79,5.71,3.22,3.77,2.56,2.46,43,59,30,133,104,15,6,6,549,0.21,42,7
"Chicago, Illinois, United States",210,15,8,5.12,0.83,2.97,3.05,7,3.63,1.61,3.11,13,1.85,2.87,"2,155","1,499",151,"1,823","1,016",80,41,303,116,14,25,42,41,89,112,"29,798",0.85,111,19,8,15,127,7,3.14,5.23,3.64,2.05,25,40,24,273,67,13,4.62,5.76,387,0.66,79,12
"Oslo, Norway",207,21,13,6,1.93,4.84,3.28,7,2.98,2.27,3.08,19,3.40,2.41,"2,243","1,895",227,"1,740","1,276",127,27,415,125,13,32,99,38,99,181,"32,459",1.62,75,19,4.66,10,55,3.73,3.72,3.99,2.40,2.66,38,51,27,106,100,14,4.59,8,433,0.13,49,12
"Denver, Colorado, United States",207,16,9,4.71,0.83,3.17,3.34,5.96,3.38,1.79,5.14,17,1.69,2.10,"2,092","1,626",163,"1,607","1,117",100,45,310,124,12,26,55,55,100,164,"21,352",0.69,114,15,9,16,120,7,3.33,5.51,3.33,1.93,25,47,25,275,83,11,5.04,6,531,0.46,62,6
"Tokyo, Japan",205,10,7,4.54,2.14,2.88,4.92,9,7,3.91,2.68,18,1.96,2.40,"2,621","1,961",171,"1,922","1,251",98,34,435,98,7,22,63,39,77,156,"28,209",1.30,94,28,10,13,57,7,5.50,4.41,1.84,1.92,30,36,29,192,61,15,3.88,4.71,418,0.35,81,4.53
"Miami, Florida, United States",204,18,9,5.25,0.93,3.97,3.94,6,3.37,1.52,4.83,17,2.07,1.79,"2,280","1,722",139,"1,570","1,079",101,42,277,120,12,15,44,45,92,112,"21,452",0.71,93,19,6,21,134,8,3.94,5.88,4.61,2.41,22,49,26,125,94,15,4.38,7,459,0.76,42,8
"Boulder, Colorado, United States",202,12,7,4.68,0.92,3.21,4.02,8,4.95,2.02,2.48,15,1.98,3.25,"2,644","2,138",184,"1,556","1,312",91,55,344,137,12,22,45,32,81,100,"24,498",0.71,105,14,5.82,24,116,6,3.90,7,2.70,1.89,21,48,22,230,64,11,4.31,5.41,429,0.10,88,5.69
"Tel Aviv, Israel",201,17,14,6,1.73,3.69,1.88,6,2.93,1.43,2.62,18,2.26,1.76,"2,474","1,980",221,"1,703","1,160",123,20,462,114,8,15,92,54,115,128,"39,716",1.86,66,19,8,7,101,10,5.91,5.18,1.93,3.40,21,43,23,78,76,14,4.12,8,606,0.28,76,10
"Portland, Oregon, United States",200,15,8,4.60,0.88,2.96,4.68,6,3.95,2.16,4.88,17,2.26,2.55,"2,090","1,650",203,"1,640","1,216",132,47,287,153,11,20,55,51,104,139,"22,686",0.87,91,23,7,24,152,8,3.48,5.09,3.14,2.49,24,41,25,163,83,11,4.49,5.48,428,0.33,43,7
Singapore,200,8,5.89,3.82,2.29,2.79,1.82,10,3.14,1.95,3.30,22,1.96,1.70,"2,372","1,862",111,"1,936","1,257",72,29,413,149,7,12,72,49,97,127,"79,061",1.55,65,9,9,11,36,8,3.81,5.49,2.27,2.78,17,41,18,241,92,15,5.12,8,490,0.13,107,10
"San Diego, California, United States",199,15,9,3.72,0.92,3.03,3.81,6,2.71,1.30,2.41,11,1.81,1.66,"2,789","2,136",149,"1,990","1,410",98,56,306,128,12,21,39,31,84,109,"22,771",1.01,73,17,7,17,88,7,4.10,4.80,4.12,1.82,20,43,30,279,78,14,4.78,8,376,0.59,52,9
"Sacramento, California, United States",198,14,8,4.04,0.94,3.29,3.94,7,3.22,1.58,3.24,16,1.94,2.65,"1,896","1,507",196,"1,620","1,176",117,61,364,109,13,21,50,45,87,99,"24,703",1.01,95,21,8,27,114,6,3.98,7,4.06,2.20,20,48,26,163,77,11,4.77,7,396,0.30,55,10
"Reykjavik, Iceland",197,19,13,9,1.05,5.28,3.74,8,3.07,2.56,2.70,21,2.15,2.09,"1,783","1,662",118,"1,305","1,124",76,44,592,153,13,27,113,56,141,181,"25,113",1.57,87,23,9,13,39,4.63,4.09,7,3.01,2.72,39,43,21,78,79,17,4.63,8,575,0.14,59,10
"Amsterdam, Netherlands",197,15,9,4.61,1.40,3.96,3.06,7,2.83,2.22,1.88,9,2.61,1.77,"2,149","1,867",165,"1,566","1,202",129,34,512,139,9,16,106,38,106,135,"30,399",1.86,104,28,5.19,13,39,3.73,3.86,3.80,1.93,2.16,30,46,26,112,68,11,3.67,5.74,499,0.20,57,10
"Anchorage, Alaska, United States",196,16,10,5.12,1.09,3.73,7,8,5.18,2.12,3.43,18,2.40,2.21,"1,776","1,289",329,"1,040",748,178,70,403,107,15,22,55,68,84,91,"25,178",0.86,58,19,10,28,160,7,3.43,4.54,4.25,2.67,24,48,26,164,95,10,5.58,7,423,0.37,78,10
"Paris, France",196,18,10,6,1.29,5.41,3.11,8,3.07,2.18,1.93,9,2.28,1.49,"2,807","2,299",206,"1,831","1,305",111,25,389,107,9,16,104,38,122,132,"28,426",1.73,83,14,4.93,8,27,4.50,5.22,4.39,2.23,2.46,29,41,24,90,64,13,5.00,7,461,0.17,55,10
"Sydney, Australia",192,11,8,4.16,0.86,3.62,3.13,5.21,2.79,2.20,3.52,12,1.87,1.48,"2,239","1,739",118,"1,717","1,219",138,41,345,141,9,20,67,44,94,98,"17,046",0.98,117,36,6,8,43,5.08,3.54,3.55,2.34,2.33,18,37,23,147,75,12,2.99,5.23,471,0.18,52,22
"Doha, Qatar",192,10,5.85,4.48,1.83,3.79,1.40,8,1.66,1.13,5.59,37,1.32,1.49,"2,182","1,472",149,"1,893","1,057",65,68,290,91,12,8,59,55,111,119,"21,065",0.46,72,9,5.35,22,51,6,7,4.93,3.22,2.97,15,69,20,88,104,20,6,14,594,0.21,164,6
"Auckland, New Zealand",192,11,8,4.08,1.40,4.69,3.30,3.52,2.35,2.04,2.50,11,2.02,1.64,"1,730","1,695",171,"1,574","1,024",134,45,468,124,8,17,71,46,93,128,"20,219",1.38,133,18,8,3.82,34,5.61,3.87,4.73,2.10,2.36,19,37,20,136,69,10,3.09,7,423,0.20,47,20
Luxembourg,185,19,9,6,1.46,4.62,2.90,7,2.84,1.57,1.85,10,2.46,1.59,"2,491","2,091",243,"1,646","1,316",160,45,528,153,11,18,97,42,96,178,"21,368",1.33,38,29,8,18,51,5.22,4.47,4.92,2.51,3.45,32,59,22,80,92,14,4.47,5.35,571,0.17,56,6
"Philadelphia, Pennsylvania, United States",185,15,7,4.50,1.04,2.06,4.52,8,3.20,1.99,3.68,16,2.17,1.94,"1,785","1,298",159,"1,317",825,113,46,284,100,11,23,47,42,71,95,"25,365",0.74,105,15,8,23,71,7,4.53,4.97,3.26,1.53,19,46,26,298,84,11,5.19,6.00,389,0.11,44,10
"Abu Dhabi, United Arab Emirates",184,15,7,5.09,1.49,4.39,2.17,6,2.44,1.44,3.84,28,2.23,0.95,"2,354","1,572",166,"1,511","1,033",89,88,435,136,12,11,84,68,139,187,"25,048",0.63,28,7,4.68,17,103,6,3.91,6,2.63,3.90,21,56,23,111,105,16,7,12,717,0.21,138,5.99
"Dubai, United Arab Emirates",184,16,8,5.17,1.73,4.21,1.78,7,2.38,1.33,4.04,23,2.05,1.20,"2,039","1,401",213,"1,410",940,119,85,288,87,10,9,55,49,104,96,"23,006",0.64,71,10,5.57,17,84,7,3.91,5.44,3.00,3.73,19,47,22,100,86,20,7,13,434,0.21,106,5.61
"Pittsburgh, Pennsylvania, United States",182,13,7,4.16,0.92,2.68,4.61,7,3.71,1.78,3.81,16,1.86,2.18,"2,060","1,232",195,"1,260",711,102,54,302,78,13,15,59,46,90,107,"22,845",0.78,98,19,8,20,90,6,3.62,5.20,3.42,1.88,21,43,20,99,71,11,4.75,5.39,429,0.16,60,8
"Toronto, Canada",180,14,8,4.82,2.06,2.72,2.80,7,2.77,1.88,2.18,12,1.70,1.82,"2,105","1,748",112,"1,575","1,220",79,34,263,103,8,17,50,38,81,109,"18,411",0.86,105,15,8,13,50,4.79,3.90,4.01,2.11,1.56,19,43,22,170,72,10,3.39,5.72,421,0.28,43,10
"Jerusalem, Israel",180,15,11,4.85,1.68,5.67,1.45,8,2.63,1.10,2.74,12,2.56,1.76,"1,702","1,370",153,"1,223",908,104,23,546,144,8,13,70,48,116,125,"36,847",1.85,62,22,8,7,112,9,7,5.17,2.67,2.72,15,38,23,132,82,11,3.34,7,766,0.22,71,10
"Frankfurt am Main, Germany",180,16,9,4.99,1.25,3.34,2.93,8,3.02,1.99,1.25,7,2.39,1.90,"1,962","1,433",218,"1,223",981,103,26,444,117,7,17,85,42,110,153,"24,187",1.60,98,21,8,9,55,3.66,2.84,3.49,1.26,1.79,28,39,24,115,83,13,3.85,4.70,548,0.11,77,7
"Stockholm, Sweden",180,12,8,5.63,1.24,3.48,3.69,5.44,3.16,1.28,1.68,11,2.25,1.78,"2,242","1,556",149,"1,482","1,035",80,20,427,114,9,34,86,35,90,130,"23,053",1.63,92,21,5.07,10,23,3.75,3.59,3.35,2.57,1.97,30,37,23,109,82,15,4.65,5.47,505,0.10,54,6
"Charlotte, North Carolina, United States",178,11,7,3.38,0.90,2.54,4.39,6,3.42,1.65,3.06,13,1.60,2.46,"1,988","1,566",158,"1,185",831,91,56,297,136,8,28,42,46,79,108,"23,867",0.68,89,21,6,23,138,6,3.34,5.56,4.11,1.82,19,39,22,165,63,11,4.78,5.62,429,0.11,44,5.81
"Minneapolis - St. Paul, Minnesota, United States",178,13,7,4.40,0.79,2.58,4.90,4.50,4.02,1.50,2.66,13,2.00,1.81,"1,854","1,351",153,"1,383",920,68,40,307,107,9,26,48,39,77,111,"23,695",0.69,62,19,7,13,158,6,3.52,4.87,3.75,1.62,20,45,22,242,84,10,4.81,5.98,390,0.61,69,10
"Baltimore, Maryland, United States",177,16,8,3.32,0.84,3.54,4.79,6,3.66,2.03,3.15,15,2.09,1.96,"1,872","1,262",173,"1,441","1,011",110,53,373,128,11,25,46,42,92,97,"21,843",0.69,73,16,8,26,102,5.91,3.87,3.66,2.85,1.74,22,50,23,120,86,11,4.58,5.07,429,0.13,55,7
"Austin, Texas, United States",176,15,7,4.42,0.94,3.44,3.31,7,2.64,1.33,3.67,15,1.77,1.69,"2,084","1,450",184,"1,645","1,070",139,50,310,147,12,23,55,64,99,120,"21,591",0.64,47,17,6,23,104,6,4.36,4.65,3.55,1.82,31,52,24,279,77,11,5.43,5.68,431,0.19,58,7
"Helsinki, Finland",176,13,8,5.43,1.15,2.61,2.99,5.95,2.03,0.98,2.58,14,3.02,1.66,"2,145","1,539",77,"1,584","1,027",47,15,391,116,6,33,101,32,97,157,"29,548",1.72,62,25,9,13,81,4.01,3.82,4.11,1.86,2.09,26,50,31,130,85,15,4.54,6,469,0.09,58,8
"Phoenix, Arizona, United States",176,14,8,3.40,0.69,2.96,2.66,4.66,3.06,1.54,7,15,1.89,2.14,"1,742","1,340",172,"1,147",931,128,58,238,118,11,25,50,50,82,120,"24,069",0.78,64,17,6,22,80,6,3.44,4.21,3.31,1.90,21,46,23,209,69,13,5.61,5.48,331,0.38,31,8
"Rotterdam, Netherlands",175,16,9,4.76,1.15,3.52,2.35,5.75,2.44,1.46,1.35,9,2.60,1.22,"1,674","1,165",166,"1,008",815,117,26,471,143,9,16,96,33,111,128,"30,335",1.83,100,23,6,21,38,3.28,2.89,3.51,1.71,1.98,22,51,23,115,61,9,3.60,5.07,533,0.25,40,8
"Salt Lake City, Utah, United States",175,12,7,4.32,0.65,2.81,3.31,5.90,2.59,1.34,2.76,17,1.73,1.92,"1,595","1,334",170,"1,196","1,064",117,44,331,153,11,22,43,36,84,130,"24,999",0.72,89,15,7,16,102,6,2.98,10,2.98,2.75,17,33,21,164,56,11,5.67,5.31,461,0.58,29,6
"The Hague, Netherlands",175,15,9,5.24,1.22,3.41,2.55,6,2.69,2.00,1.29,8,2.40,1.61,"1,747","1,428",161,"1,209",957,99,30,518,146,9,14,83,53,121,171,"29,486",1.82,78,24,7,14,38,4.48,3.62,3.92,1.82,2.47,25,48,28,113,79,10,3.35,5.37,579,0.20,46,7
"Orlando, Florida, United States",175,13,9,5.61,1.05,3.46,4.69,6,3.46,1.83,2.57,12,2.27,2.15,"1,654","1,328",230,"1,188",883,149,70,284,127,11,19,49,36,82,105,"20,194",0.71,50,18,5.57,14,107,5.60,3.27,3.60,4.01,2.26,21,44,27,195,74,14,5.20,5.96,486,0.64,39,7
"Vancouver, Canada",175,13,7,4.85,1.52,3.47,3.21,9,2.92,2.26,2.55,14,1.69,1.62,"1,952","1,637",92,"1,667","1,144",51,44,333,107,11,17,59,43,84,119,"18,403",1.11,79,21,9,18,100,8,4.09,4.15,2.29,1.91,18,38,21,179,66,9,3.44,5.14,380,0.33,36,10
"Haifa, Israel",175,17,14,4.94,1.79,4.73,1.38,8,2.80,1.24,2.45,14,2.41,1.91,"1,142",932,235,797,590,149,22,454,125,8,14,104,49,122,127,"40,346",1.81,62,25,9,9,112,9,5.74,4.78,1.56,3.29,16,48,23,73,70,12,4.04,8,607,0.21,76,10
"Burlington, Vermont, United States",175,15,8,4.30,0.93,3.91,6,8,4.91,2.45,2.10,13,2.15,2.42,"2,330","1,813",154,"1,273",987,151,54,277,105,11,19,52,38,81,105,"23,464",0.74,48,16,8,17,117,7,3.29,5.37,2.95,1.81,20,58,21,87,68,12,4.12,5.52,430,0.10,66,9
"Atlanta, Georgia, United States",174,14,7,3.52,0.78,2.42,3.63,4.12,3.16,1.79,2.27,13,1.78,1.29,"1,775","1,440",221,"1,321",934,152,42,284,173,10,18,44,53,81,86,"21,620",0.68,83,19,9,28,102,5.82,2.77,4.08,3.64,2.19,22,40,28,184,64,10,4.43,5.29,364,0.42,41,5.90
"Munich, Germany",174,14,9,4.45,1.10,3.19,2.69,5.79,2.82,2.20,1.06,7,2.01,1.52,"2,297","1,880",184,"1,437","1,080",102,27,498,73,4.99,15,85,44,101,122,"25,098",1.61,72,21,7,16,59,4.74,2.10,2.45,1.35,1.29,26,40,25,152,83,11,4.14,4.36,500,0.16,66,8
"Melbourne, Australia",174,11,8,4.03,0.82,3.58,2.99,6,2.86,2.25,3.97,13,1.76,1.44,"1,454","1,305",129,"1,329",874,109,35,392,174,9,22,66,40,97,116,"17,911",0.96,98,17,7,9,45,4.68,3.36,4.93,2.62,2.20,17,36,24,168,67,12,2.99,5.87,414,0.37,60,23
"Oxford, United Kingdom",174,15,7,3.90,1.16,3.25,2.13,4.38,2.54,1.62,2.22,10,2.00,1.12,"2,282","1,827",131,"1,355","1,110",93,32,466,72,9,16,84,37,80,91,"28,449",1.57,69,30,4.11,10,128,5.09,2.01,3.47,2.56,2.26,17,45,28,108,60,10,3.33,6,509,0.21,44,12
"Charleston, South Carolina, United States",172,15,7,4.30,0.77,2.44,4.06,5.97,3.98,2.69,2.52,13,2.18,2.48,"2,419","1,458",218,"1,526","1,127",167,49,347,107,10,24,45,34,80,102,"22,239",0.63,48,17,6,11,131,9,3.13,5.12,3.86,2.03,18,51,22,131,54,11,4.20,4.58,429,0.10,44,7
"Canberra, Australia",172,10,8,4.18,0.95,3.82,2.68,3.91,2.91,2.04,3.14,13,1.83,1.50,"1,711","1,355",155,"1,384","1,074",86,35,350,189,5.99,21,58,60,103,88,"16,771",0.95,90,16,4.82,12,56,4.21,3.56,4.02,2.21,2.22,18,35,22,109,75,11,2.97,5.81,399,0.35,39,21
"Bristol, United Kingdom",171,12,8,4.56,1.04,3.44,3.03,7,2.80,1.19,2.51,11,2.41,1.02,"1,874","1,361",317,"1,398","1,022",292,31,433,117,9,13,84,34,83,108,"21,446",1.49,82,15,3.08,10,82,3.79,1.96,4.61,2.46,2.37,14,42,23,103,70,11,3.48,5.61,553,0.12,33,12
"Dallas, Texas, United States",171,15,8,3.92,0.78,2.48,3.38,4.94,2.52,1.41,3.57,12,1.70,2.20,"1,831","1,372",207,"1,536","1,026",112,44,227,121,11,24,45,36,78,109,"22,771",0.64,70,17,5.96,24,109,5.94,3.25,5.26,3.95,1.90,24,38,24,189,61,12,5.06,5.41,410,0.15,45,7
"Brisbane, Australia",171,12,8,3.74,0.77,4.15,3.50,5.59,2.94,2.53,3.48,13,2.02,1.10,"1,410","1,103",147,"1,226",916,112,37,350,161,7,18,67,44,89,112,"20,612",1.01,97,16,8,8,51,3.54,3.43,3.88,1.78,2.37,20,38,21,139,66,10,3.13,5.64,368,0.40,43,21
"Tampa, Florida, United States",170,14,8,5.00,1.01,3.23,3.97,6,3.46,1.81,4.94,14,1.98,2.04,"1,854","1,334",176,"1,283",845,136,49,341,168,8,19,51,41,94,94,"20,403",0.67,60,15,5.09,13,102,5.85,3.25,4.52,2.93,1.54,19,45,26,205,76,10,4.78,4.50,448,0.36,31,6
"Providence, Rhode Island, United States",170,16,8,4.19,0.90,3.30,4.59,6,3.90,2.82,2.36,15,2.01,2.18,"1,791","1,399",231,"1,320",903,184,45,263,89,9,17,47,42,76,108,"21,369",0.74,69,16,7,8,91,7,3.58,5.39,2.83,1.75,18,50,24,166,65,11,4.44,4.94,426,0.11,32,10
"Hamburg, Germany",169,11,8,3.65,1.04,3.47,2.93,8,2.66,1.49,1.07,9,1.93,1.57,"1,923","1,513",259,"1,031",717,119,22,500,109,6,14,93,53,94,132,"21,794",1.53,93,23,9,13,55,4.05,2.85,2.75,1.57,1.79,26,39,27,157,71,12,3.81,4.31,518,0.13,62,7
"Brighton and Hove, United Kingdom",168,11,7,4.19,1.14,4.39,2.29,4.40,2.42,1.69,1.96,11,2.15,1.19,"1,837","1,531",202,"1,175","1,019",117,27,429,69,4.72,16,77,38,76,94,"23,661",1.55,93,21,4.41,10,78,3.88,1.79,5.90,2.23,1.37,14,38,25,123,62,11,3.48,6,494,0.14,39,12
"Beirut, Lebanon",168,14,8,4.33,2.15,4.39,1.45,5.78,1.82,0.92,1.39,11,1.57,0.99,"2,120",980,231,962,536,212,59,304,139,11,8,71,53,117,120,"22,232",0.93,63,22,4.51,9,63,3.44,5.75,8,3.46,2.92,9,47,20,90,59,12,4.21,4.34,959,0.34,80,2.98
"Wellington, New Zealand",167,9,8,4.29,1.29,4.47,3.51,4.62,2.80,2.21,2.57,10,1.83,1.48,"1,887","1,333",165,"1,242","1,085",111,43,390,130,10,13,72,41,103,108,"19,458",1.34,84,18,10,3.78,35,3.83,4.84,3.85,2.10,2.22,20,30,18,106,56,9,2.98,5.55,418,0.30,32,17
"Lyon, France",167,17,10,8,1.22,4.81,3.47,7,2.95,1.67,3.19,9,2.63,1.25,"1,443","1,025",161,908,719,89,30,508,130,12,18,92,37,107,111,"25,548",1.65,70,19,5.72,8,27,5.08,5.20,4.30,2.10,2.89,23,38,24,73,72,11,3.71,6,529,0.26,50,9
"New Orleans, Louisiana, United States",166,18,9,5.04,0.92,3.27,3.54,4.59,3.34,1.55,3.13,14,1.78,2.53,"1,614","1,191",210,"1,178",827,127,51,305,82,11,27,50,46,85,89,"22,891",0.63,45,17,8,14,80,6,3.45,4.85,4.54,2.22,24,44,23,208,87,10,5.31,5.28,429,0.16,59,7
"Cork, Ireland",166,15,8,5.27,1.13,3.66,2.77,6,2.19,1.37,2.24,12,2.71,1.10,"1,408","1,096",173,"1,137",931,116,40,475,117,9,13,84,37,94,102,"29,606",1.53,74,16,6,16,61,5.19,2.89,4.13,1.98,3.00,15,41,21,77,68,11,3.42,6,490,0.25,48,13
"Cologne, Germany",166,14,9,4.78,1.30,3.66,2.82,6,2.58,2.06,1.05,8,1.94,1.35,"1,593","1,264",200,"1,014",746,126,25,399,96,7,14,97,41,104,104,"22,720",1.53,99,22,7,11,51,3.61,2.70,2.36,1.44,1.47,21,40,23,132,79,9,3.09,4.58,532,0.13,40,7
"Cleveland, Ohio, United States",165,13,7,4.44,0.74,2.81,4.21,5.10,3.49,1.94,3.74,15,1.87,1.76,"1,503",913,176,"1,076",661,103,44,330,101,12,18,42,40,75,87,"19,776",0.66,91,21,8,9,86,6,3.21,4.26,2.31,1.21,14,41,21,211,64,11,4.78,4.62,427,0.27,34,7
"Colorado Springs, Colorado, United States",165,14,8,3.33,0.75,2.50,3.80,5.71,3.40,1.24,3.60,18,1.87,1.58,"1,767","1,290",155,"1,285",903,119,46,326,126,12,22,37,41,74,115,"22,158",0.69,63,22,6,19,95,5.28,3.07,3.93,3.30,1.57,17,37,22,81,56,9,4.83,5.28,428,0.35,51,7
"Las Vegas, Nevada, United States",164,15,9,3.11,0.78,1.96,2.43,4.72,3.04,1.19,3.97,11,1.80,1.84,"1,534","1,166",225,"1,165",845,124,59,295,113,11,16,45,44,80,102,"22,505",0.81,61,21,6,19,101,7,3.03,5.10,3.17,1.58,19,48,23,184,75,15,5.83,6,453,0.26,25,7
"Nashville, Tennessee, United States",164,14,7,3.90,0.81,2.37,4.47,6,3.39,1.41,2.86,13,1.87,1.50,"1,707","1,266",163,"1,469",958,104,51,275,104,10,21,46,55,93,119,"20,446",0.70,52,21,7,21,117,6,3.82,5.48,2.94,1.61,22,42,23,148,59,13,5.22,5.48,430,0.22,56,5.76
"Manchester, United Kingdom",163,13,7,4.92,0.97,3.07,1.98,5.42,2.26,1.08,2.61,11,2.56,0.89,"1,457","1,021",147,"1,297",903,127,25,406,96,8,12,91,32,92,81,"23,457",1.59,94,16,3.51,10,125,4.07,1.95,4.01,2.21,1.61,16,35,19,77,64,11,4.03,5.23,466,0.16,53,14
"Raleigh, North Carolina, United States",162,13,7,3.80,0.87,2.13,3.32,4.99,2.92,1.70,3.79,12,1.81,2.05,"1,652","1,148",211,981,726,151,36,289,126,10,24,41,54,86,110,"23,416",0.64,58,16,9,12,126,6,3.25,5.08,3.21,1.88,20,50,22,200,68,11,4.64,5.90,425,0.27,54,5.93
"Eindhoven, Netherlands",162,16,9,4.49,1.16,3.59,2.44,5.22,2.31,1.64,1.25,5.59,2.31,1.17,"1,661","1,285",157,986,841,97,26,375,148,7,14,83,29,81,120,"27,939",1.74,85,26,5.32,21,39,4.15,3.48,3.95,1.52,2.56,25,44,25,89,63,9,2.94,5.41,483,0.10,26,7
"Riverside, California, United States",162,13,8,4.06,0.86,3.98,2.91,4.90,3.41,1.32,2.49,11,2.05,2.53,"1,937","1,706",168,"1,331","1,121",159,42,243,87,11,17,42,41,80,111,"20,989",0.96,48,18,7,26,104,7,2.56,4.03,2.99,1.83,17,42,26,122,51,10,4.79,5.83,436,0.12,33,8
"Houston, Texas, United States",161,15,7,3.83,0.70,2.64,2.84,4.98,3.01,1.61,2.38,14,1.84,1.49,"1,657","1,190",165,"1,327",921,125,38,339,90,9,26,42,42,88,113,"21,546",0.62,58,17,5.88,21,83,6,2.60,4.40,2.23,1.41,20,45,22,133,66,11,4.92,5.50,345,0.42,44,7
"Milan, Italy",160,15,9,4.80,1.43,3.86,2.27,7,1.87,1.44,1.66,10,1.87,1.60,"1,745","1,253",131,"1,150",879,120,23,390,154,5.27,12,102,46,105,130,"26,799",1.73,40,23,9,10,88,7,4.16,4.29,2.96,1.98,19,43,19,113,78,11,1.72,5.90,510,0.22,106,6
"Spokane, Washington, United States",160,14,8,4.41,0.65,2.48,5.34,9,3.99,3.92,4.59,14,2.00,2.27,"1,719","1,294",163,880,758,108,49,267,116,13,18,46,40,74,123,"22,922",0.81,50,20,8,17,101,6,2.94,4.37,3.97,1.89,16,43,25,96,59,8,4.44,4.60,432,0.10,33,8
"Victoria, Canada",160,15,8,4.46,1.93,3.71,3.64,8,2.52,1.46,2.55,14,1.91,1.71,"1,788","1,333",92,"1,258",972,55,44,336,120,8,21,56,41,91,90,"17,633",1.06,60,17,6,25,57,7,3.11,3.39,2.21,2.24,16,34,20,144,74,8,3.71,4.93,393,0.25,42,9
"St. Louis, Missouri, United States",159,12,7,4.90,0.78,2.50,4.53,5.21,3.61,1.79,2.55,13,1.92,1.97,"1,499",947,168,"1,046",775,106,41,274,130,10,22,39,39,78,77,"21,589",0.64,76,14,7,8,73,7,3.74,5.44,3.42,2.12,19,50,20,140,75,11,5.74,4.64,402,0.19,42,6
"Detroit, Michigan, United States",159,16,8,3.11,0.56,2.20,4.38,3.96,3.18,1.49,2.84,15,1.93,1.85,"1,757","1,005",215,"1,258",652,123,41,315,158,11,16,51,38,79,92,"23,322",0.73,43,13,8,15,97,6,3.52,4.13,3.06,1.65,19,54,24,259,82,10,4.96,4.24,428,0.38,34,8
"Ottawa, Canada",159,15,9,4.73,2.07,2.33,3.28,9,2.41,1.71,1.93,13,1.56,1.92,"1,414","1,290",83,"1,019",799,81,37,323,99,6,19,53,37,75,118,"17,721",0.85,83,15,7,17,54,5.25,4.00,3.69,1.69,1.70,16,36,19,109,94,8,3.38,5.35,441,0.25,45,10
"Stuttgart, Germany",158,14,9,4.31,1.14,4.45,3.01,8,2.63,1.70,1.34,9,1.69,1.80,"1,512","1,166",156,"1,084",842,116,23,427,105,7,15,91,38,102,120,"23,975",1.56,81,21,10,11,45,3.06,2.43,2.41,1.57,1.60,22,39,20,112,58,9,3.20,3.68,578,0.10,42,6
"Brussels, Belgium",157,18,9,5.04,1.07,4.12,2.42,5.95,2.41,1.74,1.73,10,2.48,1.81,"1,418","1,157",140,972,736,113,34,468,122,10,12,98,54,93,148,"23,453",1.59,54,23,9,8,32,5.96,3.85,3.93,1.77,2.68,24,44,24,74,73,10,4.09,4.73,469,0.24,29,7
"Seoul, South Korea",156,8,5.70,4.23,2.21,3.47,4.65,9,5.24,3.70,2.12,23,2.21,2.75,"1,845","1,201",211,749,541,109,25,445,86,10,15,65,46,86,138,"27,335",1.21,63,12,5.06,5.33,27,13,8,8,2.26,2.13,13,26,17,162,49,9,4.17,4.19,463,0.13,52,3.82
"Adelaide, Australia",156,11,8,3.39,0.92,3.04,3.19,7,2.68,2.04,3.63,11,1.89,1.64,"1,395",965,162,880,748,112,38,402,140,5.99,16,57,46,86,87,"14,632",1.00,72,14,5.43,12,39,4.89,3.33,4.14,2.43,2.23,17,33,20,147,58,11,3.19,5.95,444,0.56,42,20
"Aberdeen, United Kingdom",156,15,7,4.10,1.15,2.97,2.43,4.31,2.12,1.61,2.64,9,2.04,1.37,"1,365","1,079",211,818,771,156,27,478,133,8,15,77,37,82,85,"22,494",1.54,81,19,3.67,5.64,77,3.41,1.62,4.60,2.15,2.04,16,41,23,82,72,10,3.60,4.78,482,0.13,45,11
"Rome, Italy",156,16,9,4.84,1.41,4.04,2.29,7,2.08,1.46,1.23,7,2.24,1.70,"1,905","1,237",196,"1,065",767,93,28,390,128,6,12,89,35,93,145,"28,181",1.72,38,18,8,11,76,4.90,4.60,3.58,2.42,2.40,22,47,19,87,65,11,1.53,5.63,544,0.20,63,5.87
"Milwaukee, Wisconsin, United States",155,14,7,3.73,0.61,2.29,2.80,5.77,2.77,1.16,2.27,15,2.08,1.71,"1,400",961,165,"1,053",675,105,41,331,99,8,18,48,43,90,102,"26,309",0.70,70,18,6,30,147,7,2.96,4.61,3.18,1.34,19,35,21,212,61,9,4.22,5.46,421,0.11,33,8
"Jacksonville, Florida, United States",155,13,7,4.24,0.92,2.92,4.28,4.42,3.31,1.67,2.63,14,1.91,1.73,"1,631","1,048",243,"1,110",694,114,45,311,89,9,21,44,45,91,99,"19,322",0.63,46,20,6,14,125,5.64,3.54,4.24,3.24,1.75,19,41,23,220,67,10,4.64,4.84,428,0.26,33,7
"Indianapolis, Indiana, United States",154,12,7,4.58,0.55,2.14,3.82,5.71,3.25,1.45,2.20,14,2.01,1.89,"1,662",936,213,"1,026",645,95,41,277,124,10,19,46,43,71,98,"25,929",0.68,60,17,9,22,97,7,3.12,4.23,3.17,1.50,20,40,23,111,64,9,5.32,5.10,429,0.19,36,6
"Perth, Australia",154,10,7,4.47,0.87,3.78,3.04,4.78,2.67,1.97,3.65,12,2.06,1.66,"1,363","1,123",109,"1,043",809,89,39,325,120,6,18,57,45,102,106,"17,833",0.96,73,12,5.54,12,47,4.55,3.07,4.07,2.14,2.31,18,37,27,120,77,11,3.18,7,410,0.16,37,22
"Taipei, Taiwan",154,9,5.32,4.45,3.47,3.51,4.54,13,5.76,5.50,1.89,23,2.32,1.03,"1,567",867,241,912,614,60,26,507,137,8,12,88,45,108,108,"30,806",1.15,45,9,8,8,29,9,6,8,2.93,3.53,21,42,21,120,77,13,4.89,6,468,0.24,55,4.34
"Calgary, Canada",154,12,7,4.99,1.32,2.70,3.12,7,2.47,2.28,2.20,13,1.53,1.29,"1,215",974,125,968,686,71,43,289,147,9,20,45,41,77,95,"16,532",0.77,75,16,7,16,54,5.47,4.12,4.14,2.13,1.77,19,41,22,132,72,8,3.21,4.85,483,0.44,45,11
"Kansas City, Missouri, United States",154,13,7,3.74,0.98,2.57,3.81,4.44,3.30,1.55,2.43,13,2.16,2.05,"1,542","1,050",238,"1,263",652,141,46,303,140,9,18,45,47,94,118,"22,100",0.66,50,15,7,12,111,5.28,2.67,4.62,3.55,2.01,20,36,22,164,56,10,5.38,5.52,430,0.14,45,5.78
"San Antonio, Texas, United States",153,16,8,4.03,0.82,3.13,7,4.36,2.93,1.19,2.91,13,1.76,1.65,"1,728","1,117",168,"1,114",826,120,48,283,129,9,18,38,42,86,129,"21,820",0.56,37,23,4.65,15,110,6,2.64,4.58,2.77,1.19,21,37,20,200,60,10,5.02,4.84,380,0.12,55,7
"Gothenburg, Sweden",153,10,8,6,1.20,3.12,3.37,4.89,3.10,1.14,1.69,13,2.07,1.40,"1,483","1,151",134,"1,043",668,69,19,372,123,6,26,98,43,111,145,"22,332",1.58,68,19,5.77,10,31,4.81,2.98,3.04,1.88,1.97,26,40,27,84,69,12,4.43,7,495,0.11,39,6
"Berlin, Germany",153,12,8,3.98,1.02,3.04,2.55,4.85,2.77,1.28,0.92,5.76,1.99,0.97,"1,593","1,162",183,"1,116",794,102,26,452,109,5.10,14,98,33,95,107,"21,195",1.50,88,20,6,8,91,3.63,1.96,2.38,1.45,1.54,29,32,22,91,62,10,3.52,3.83,459,0.12,31,8
"Nice, France",153,17,9,5.50,1.11,4.63,2.80,7,2.37,1.68,1.64,7,2.65,1.41,"1,666","1,219",157,867,680,112,22,469,108,11,17,95,40,97,136,"22,684",1.60,37,23,7,9,28,4.43,4.31,4.76,2.07,2.31,23,49,23,72,58,14,2.54,6,650,0.25,56,8
"Antwerp, Belgium",152,22,9,4.99,1.09,4.56,1.98,6,1.98,1.47,1.33,9,2.54,1.42,"1,124",913,153,778,564,103,41,458,129,12,11,107,44,118,134,"21,058",1.65,55,22,9,5.55,29,5.35,3.35,4.07,2.08,2.51,24,53,25,95,76,13,3.56,4.65,543,0.24,24,7
"Boise, Idaho, United States",151,13,7,3.91,0.60,2.17,3.90,5.84,2.86,1.08,3.02,16,1.97,1.48,"1,978","1,189",148,"1,214",808,103,42,263,139,11,17,47,43,78,101,"22,064",0.76,36,20,7,13,140,7,3.46,4.67,4.18,1.76,17,35,18,247,76,9,4.07,5.29,431,0.16,31,6
"Louisville, Kentucky, United States",151,12,7,4.31,0.63,3.04,4.25,5.42,3.43,1.49,3.98,14,1.80,2.32,"1,296",783,149,985,727,136,45,321,137,12,19,41,39,89,122,"20,601",0.63,49,18,7,17,108,6,2.87,4.79,3.34,1.50,17,41,22,100,88,8,5.18,4.72,427,0.28,32,5.58
"Omaha, Nebraska, United States",151,12,6,3.00,0.78,2.16,3.21,5.40,3.43,1.48,4.04,14,1.75,1.65,"1,290",922,185,912,691,122,46,302,91,11,17,54,78,111,106,"23,155",0.62,55,18,5.24,10,103,7,3.39,4.82,2.65,1.23,21,41,20,179,88,11,5.49,4.32,429,0.11,49,6
"Edmonton, Canada",149,12,7,5.45,1.34,2.74,2.51,8,3.02,1.78,2.56,14,1.57,1.36,"1,212","1,007",180,"1,038",744,119,39,295,96,8,16,53,35,79,92,"19,981",0.71,67,16,8,14,54,5.12,3.13,3.77,1.97,1.89,17,37,23,86,78,8,3.55,4.85,400,0.28,41,11
"San Juan, Puerto Rico",149,12,8,4.85,1.68,2.89,3.61,6,3.34,2.42,3.46,18,1.36,1.40,"1,436",816,134,997,571,131,44,306,135,7,16,47,49,88,94,"24,655",0.80,43,15,7,14,48,7,3.21,4.45,3.21,2.59,16,51,15,97,92,9,3.58,3.27,413,0.29,42,9
"Barcelona, Spain",149,15,9,4.06,1.01,3.20,1.82,7,1.76,1.23,1.03,8,1.84,1.06,"1,671","1,209",132,"1,142",870,96,33,423,95,8,13,90,38,99,108,"25,832",1.49,49,15,9,13,71,4.25,3.80,3.56,2.02,2.36,18,36,19,62,56,12,2.78,5.07,478,0.24,63,5.53
"Tucson, Arizona, United States",148,13,8,4.08,0.61,2.73,3.30,5.42,2.89,1.40,4.04,11,1.87,1.90,"1,407",862,233,"1,128",712,115,49,251,101,11,19,45,33,87,112,"22,460",0.68,48,18,6,20,97,7,3.41,4.30,2.68,1.54,17,42,20,121,55,10,4.60,5.26,375,0.09,36,8
"Vienna, Austria",148,13,8,5.26,1.25,5.18,2.68,7,2.27,1.84,1.09,7,2.53,1.93,"1,260","1,080",152,968,739,92,22,354,113,9,14,96,42,98,119,"25,736",1.34,56,17,9,8,105,5.76,3.32,3.41,1.58,2.28,23,35,22,172,60,12,3.94,4.11,564,0.07,43,5.80
"Cincinnati, Ohio, United States",148,13,7,3.19,0.56,1.84,3.05,5.98,2.68,1.17,2.24,15,1.47,1.51,"1,274","1,010",121,"1,089",712,93,51,284,102,16,17,47,46,89,103,"21,005",0.71,68,16,7,19,94,6,3.81,3.99,3.98,1.75,20,37,23,166,67,10,5.05,4.15,324,0.11,32,7
"Kelowna, Canada",148,13,8,4.29,1.67,2.70,2.16,8,2.36,1.38,2.35,14,1.73,1.79,"1,565","1,311",149,"1,126",817,56,47,371,115,9,18,48,55,85,91,"15,277",0.95,46,16,8,10,68,5.52,3.04,3.87,3.19,1.60,18,38,19,81,61,6,3.73,4.96,442,0.29,38,8
"Belfast, United Kingdom",147,13,8,4.17,0.97,2.66,2.61,5.02,2.50,1.09,2.31,9,2.31,1.50,"1,524","1,321",120,804,707,89,32,495,111,8,12,82,42,99,72,"24,769",1.60,64,14,3.48,8,88,3.47,1.94,3.58,2.18,1.31,12,35,17,99,61,9,3.63,5.20,540,0.11,40,13
"Venice, Italy",147,18,9,4.48,1.17,3.97,2.91,5.49,2.98,2.28,1.18,8,2.07,1.31,"1,621","1,088",230,879,559,161,26,469,106,8,10,96,38,85,101,"11,412",1.60,39,29,10,10,100,6,5.21,3.00,2.04,1.94,19,32,20,92,74,8,1.92,4.70,320,0.35,42,5.97
"Madrid, Spain",145,15,9,3.75,0.89,2.63,1.99,7,2.03,1.31,0.92,7,1.78,0.80,"1,582","1,123",141,"1,109",766,96,32,382,93,8,12,88,34,82,99,"25,786",1.49,59,18,8,11,75,4.65,2.66,2.87,2.03,1.94,16,33,19,56,51,13,3.05,4.65,515,0.19,51,5.59
"Florence, Italy",144,16,9,4.89,1.44,3.40,2.10,8,2.38,1.69,1.55,7,2.07,1.70,"1,357",891,133,929,668,96,24,429,125,5.64,11,97,33,93,120,"25,341",1.68,41,24,7,11,83,8,3.13,2.50,2.40,1.96,17,39,19,93,69,10,1.45,5.41,541,0.09,67,5.79
"Winnipeg, Canada",143,10,7,5.24,1.16,2.19,3.37,6,3.28,1.75,3.09,13,1.28,1.22,"1,152",951,174,898,670,61,44,336,105,9,14,45,38,87,94,"19,174",0.80,66,12,7,16,70,6,3.28,3.37,2.15,1.75,17,40,18,106,64,6,3.48,4.00,393,0.30,41,11
"Halifax, Canada",143,13,8,4.62,1.63,3.02,2.45,6,3.72,2.42,2.60,14,1.72,1.31,"1,347",883,116,"1,018",730,86,34,331,112,7,15,48,39,101,111,"16,734",0.82,57,14,8,14,70,5.93,3.22,4.10,2.12,1.99,16,36,19,67,61,7,3.37,5.21,411,0.26,35,12
"Genoa, Italy",142,13,8,6,1.55,3.99,2.43,7,2.13,1.19,1.67,7,2.16,1.28,915,698,111,774,507,110,25,391,127,4.63,12,96,44,108,174,"24,542",1.75,51,18,9,13,93,4.61,3.53,3.63,2.07,1.83,18,41,18,64,79,9,1.94,5.64,522,0.19,66,5.77
"Valletta, Malta",142,15,9,4.49,0.99,2.95,2.55,5.08,2.50,1.60,1.63,8,1.91,1.01,"1,724","1,051",92,"1,086",776,55,30,465,135,7,9,84,41,94,83,"26,119",1.55,28,29,7,19,18,4.77,3.93,4.47,1.32,2.72,12,36,17,52,55,7,2.55,3.31,717,0.29,57,5.90
"Albuquerque, New Mexico, United States",141,13,8,4.44,0.78,3.07,3.50,5.38,2.89,1.40,2.42,15,1.97,1.86,"1,480",928,134,866,656,125,45,451,121,8,17,45,48,88,89,"25,167",0.65,29,17,7,19,76,7,3.34,4.53,2.88,1.93,16,37,19,165,62,10,4.78,5.17,426,0.12,60,8
"London, Ontario, Canada",140,15,8,3.82,1.28,2.32,3.00,7,2.82,1.42,2.19,13,1.72,1.11,"1,080",844,142,708,613,91,36,265,98,8,21,42,40,81,78,"19,699",0.79,62,22,9,23,40,5.66,4.14,2.88,2.19,1.73,16,33,18,89,66,7,3.89,4.84,406,0.25,37,8
"Montreal, Canada",140,13,8,4.92,1.55,2.82,2.96,7,2.40,1.52,2.44,12,1.56,1.29,"1,209",943,96,958,662,62,29,312,104,7,11,47,33,77,87,"17,029",0.93,62,26,9,12,87,6,3.20,3.51,2.02,1.85,16,34,17,100,65,9,2.90,5.25,468,0.25,29,9
"Memphis, Tennessee, United States",137,13,7,3.30,0.78,1.91,2.78,3.56,3.20,1.67,1.81,15,1.58,1.56,"1,260",920,149,910,788,95,50,323,108,10,21,41,30,82,103,"21,329",0.61,47,13,8,8,131,5.75,2.84,4.96,3.10,1.53,17,44,21,124,53,10,4.89,4.21,432,0.11,35,4.85
"Bologna, Italy",137,13,8,4.74,1.33,4.23,2.68,9,1.83,1.35,1.29,10,2.34,1.31,"1,074",818,124,782,568,87,23,536,138,6,11,91,28,110,149,"23,933",1.70,40,16,10,9,106,6,4.32,3.23,2.66,2.71,17,42,20,56,65,9,1.75,5.62,527,0.16,66,5.89
"Manama, Bahrain",133,11,7,3.17,1.71,2.97,1.22,7,2.71,1.02,3.46,19,1.93,1.02,"1,344",964,240,921,647,79,27,361,123,10,5.46,46,52,95,106,"17,458",0.50,41,12,4.55,15,40,6,5.74,5.60,2.87,3.36,7,37,19,68,62,16,5.50,8,505,0.08,94,5.22
"Turin, Italy",132,13,9,4.28,1.34,3.67,2.30,8,1.61,1.46,1.37,8,2.36,1.06,"1,088",758,158,598,513,84,28,405,101,6,11,89,36,89,140,"25,555",1.69,41,14,8,8,109,5.51,3.24,2.84,1.94,2.27,18,31,17,95,77,9,1.77,5.01,510,0.17,47,5.87
"Limassol, Cyprus",132,15,8,5.27,1.63,4.04,1.73,3.94,1.94,0.89,1.44,8,2.38,1.47,"1,264",926,186,759,574,86,31,462,119,8,7,69,38,78,98,"16,883",1.33,46,13,4.99,15,55,3.88,3.95,3.99,2.16,2.64,15,41,18,28,48,8,3.21,3.25,553,0.10,65,5.23
"Shanghai, China",132,9,5.60,2.62,2.74,2.21,1.47,9,2.57,1.30,0.66,17,1.03,2.11,"2,330","1,235",60,"1,351",693,39,14,330,86,5.82,5.83,88,39,98,128,"21,532",0.96,28,5.64,3.28,4.65,132,7,7,4.69,1.36,2.75,15,28,14,195,76,12,4.73,5.98,465,0.08,74,3.01
"Amman, Jordan",131,14,7,3.29,1.52,2.32,0.84,5.04,1.63,1.01,4.24,21,1.66,0.48,791,525,101,514,330,95,21,341,162,7,11,89,70,110,89,"29,476",1.34,52,10,5.10,9,32,4.29,4.64,4.47,1.83,3.55,9,42,21,37,54,9,3.85,8,599,0.07,90,3.11
"Quebec City, Canada",131,13,8,5.22,1.49,2.74,3.66,8,3.19,1.69,2.37,11,1.90,1.49,"1,077",691,77,613,482,43,29,328,83,8,18,54,34,77,89,"15,006",0.83,61,14,5.70,21,95,4.84,2.60,2.77,1.62,1.74,15,33,17,86,68,7,3.16,5.00,409,0.20,31,8
"Lisbon, Portugal",129,12,7,3.20,0.70,2.37,1.59,7,1.52,1.03,0.96,6,2.27,0.87,"1,405",957,130,971,639,91,25,404,123,8,9,95,37,84,107,"28,268",1.64,42,15,7,8,54,3.86,3.24,4.11,1.75,2.02,16,31,16,63,52,8,2.28,2.63,521,0.11,59,5.55
"Naples, Italy",128,12,9,5.12,1.59,3.81,1.85,7,1.90,1.19,1.64,7,2.02,0.88,"1,273",699,150,861,513,94,27,540,117,4.78,8,70,26,89,86,"24,258",1.62,38,13,7,9,82,3.58,4.36,2.75,1.98,2.06,17,29,17,66,56,9,1.75,5.21,448,0.16,49,5.89
"Valencia, Spain",127,16,8,3.59,0.95,2.51,1.65,5.39,1.69,1.12,1.12,5.19,1.66,1.08,"1,224",745,122,869,514,88,35,409,82,7,12,88,26,91,91,"27,376",1.42,38,17,7,5.79,65,5.14,2.75,3.48,1.31,1.50,15,32,18,61,48,9,2.40,3.42,491,0.19,40,5.69
"Athens, Greece",127,17,8,4.46,1.39,4.95,1.94,5.30,1.78,1.07,1.37,10,2.23,0.77,873,615,132,562,419,92,22,328,133,8,7,82,32,95,112,"23,268",1.75,33,12,4.79,9,44,5.16,4.15,4.53,1.85,2.98,13,32,17,46,57,11,4.15,4.55,517,0.50,43,5.08
"Panama City, Panama",125,13,7,3.52,1.61,2.43,2.44,6,3.08,1.83,0.90,10,2.52,1.24,"1,271",863,111,919,588,103,35,379,112,8,5.43,53,34,77,78,"19,904",0.83,26,15,8,29,49,7,3.67,5.62,2.18,2.70,16,39,13,75,60,10,4.10,2.89,521,0.23,52,5.61
"Ljubljana, Slovenia",124,11,5.71,4.33,1.08,2.98,2.27,5.90,1.79,0.92,1.22,5.80,1.68,1.12,"1,297",920,255,696,516,172,22,468,85,8,9,81,34,95,121,"20,005",1.41,40,10,7,12,58,4.78,3.92,3.51,1.23,3.29,15,25,14,67,52,6,1.66,3.19,585,0.10,57,4.56
"San Jose, Costa Rica, Costa Rica",123,9,7,3.27,1.48,3.00,1.76,4.08,3.48,1.85,1.61,16,2.47,1.22,"1,179",606,69,778,413,54,32,432,142,7,4.38,66,41,104,89,"23,160",1.16,41,11,5.78,21,63,5.32,5.65,7,3.03,2.86,12,27,11,46,49,7,3.46,2.94,560,0.08,70,3.81
"Malaga, Spain",123,13,8,3.43,0.95,2.86,1.58,6,1.94,1.33,1.06,7,1.88,0.97,"1,174",758,123,728,505,96,37,390,97,5.70,10,85,30,72,96,"21,055",1.50,39,17,4.97,7,63,5.15,2.77,2.63,1.59,1.60,13,29,16,70,40,8,3.20,5.56,536,0.15,50,5.39
"Thessaloniki, Greece",121,17,7,4.61,1.44,4.41,1.66,5.49,1.47,1.07,1.46,11,2.05,0.72,655,470,132,482,336,90,22,415,122,9,7,85,25,88,98,"22,611",1.74,33,24,3.44,9,34,3.99,4.71,4.10,2.02,2.27,11,29,15,56,48,10,4.26,4.44,476,0.40,43,4.84
"Oporto, Portugal",120,10,7,3.56,0.64,2.58,1.75,4.68,1.41,1.09,0.95,5.36,1.98,0.82,"1,157",773,120,806,537,68,27,364,120,7,8,100,33,92,112,"30,549",1.64,37,12,4.37,5.64,53,3.89,3.61,4.12,1.51,2.50,14,26,13,51,47,7,2.82,2.62,531,0.20,39,5.52
"Las Palmas de Gran Canaria, Spain",120,13,8,2.80,0.90,2.86,1.82,5.77,1.82,1.26,1.03,10,1.84,0.96,"1,247",700,92,809,525,80,37,401,97,4.95,11,78,43,86,72,"17,660",1.25,36,16,5.92,8,65,3.29,2.69,2.92,2.00,1.68,13,28,14,62,41,8,2.36,4.30,479,0.22,41,4.62
"Santa Cruz de Tenerife, Spain",120,15,8,3.22,0.98,3.02,1.62,5.49,1.90,1.10,1.11,7,1.71,0.50,"1,126",753,88,802,601,73,34,358,93,7,11,91,31,76,91,"19,087",1.08,41,12,5.56,7,58,4.28,2.87,2.44,1.56,1.45,13,31,13,61,36,9,1.70,2.96,402,0.32,50,4.00
"Zaragoza, Spain",119,16,8,3.38,0.92,2.07,1.57,7,1.73,0.93,0.87,7,1.63,0.85,960,688,151,581,446,98,33,417,85,9,11,90,37,76,92,"18,989",1.38,43,14,7,5.24,63,5.37,2.28,3.24,1.61,1.83,13,28,16,60,44,9,2.06,3.36,492,0.17,43,5.53
"Alicante, Spain",118,18,8,3.88,0.93,2.21,1.81,6,1.72,1.19,0.74,5.63,1.40,1.08,915,556,103,592,400,78,28,426,95,6,11,92,32,87,88,"20,220",1.35,35,16,5.59,3.98,46,4.46,3.37,3.52,1.26,2.39,13,36,16,94,48,7,2.72,3.86,479,0.19,52,5.78
"Tallinn, Estonia",118,9,7,3.12,0.98,2.31,2.80,3.89,1.64,0.72,1.78,10,1.99,0.60,"1,174",674,223,616,461,118,18,403,163,9,11,90,32,85,102,"20,138",1.50,31,9,9,9,47,5.40,4.59,3.93,2.13,2.30,19,32,17,68,71,9,3.54,4.65,535,0.05,61,4.78
"Bangkok, Thailand",117,7,5.76,2.16,1.62,2.34,1.25,12,3.07,1.54,1.84,26,1.25,1.18,"1,428",905,74,803,409,39,15,319,70,5.86,5.01,58,37,79,80,"33,360",0.93,40,6,2.70,4.84,32,2.69,3.12,3.09,1.36,1.65,12,26,15,40,55,10,4.11,4.89,377,0.09,76,4.56
"Beijing, China",117,8,4.94,1.81,1.74,2.14,0.83,8,1.89,0.80,0.68,14,1.15,1.73,"1,857","1,127",45,"1,389",806,36,12,313,82,4.92,5.70,75,37,82,97,"18,414",1.04,23,4.98,4.87,8,38,5.27,4.88,5.12,1.19,1.59,13,26,16,181,64,10,5.14,3.80,465,0.12,65,3.12
"Seville, Spain",116,13,9,3.54,0.83,3.03,1.66,5.55,2.10,1.52,0.77,5.11,1.68,0.79,"1,073",714,129,663,501,73,31,442,104,6,11,89,31,79,93,"19,207",1.44,39,13,7,6,66,5.59,2.28,3.21,1.24,1.91,10,30,16,66,42,8,1.97,3.11,468,0.12,41,5.53
"Riga, Latvia",114,9,5.89,2.89,1.08,2.21,2.30,3.45,1.41,0.61,1.47,11,1.91,0.89,905,558,144,562,383,120,15,376,104,11,9,79,37,87,88,"20,089",1.42,49,6,8,18,39,4.35,3.12,2.84,1.65,2.31,18,27,18,69,50,7,3.43,3.89,502,0.15,47,4.30
"Montevideo, Uruguay",113,12,8,3.28,0.74,2.42,1.91,4.48,1.34,1.01,1.66,7,2.47,1.21,790,540,90,558,382,73,24,311,103,5.81,4.92,68,36,83,83,"26,475",1.26,42,10,7,12,30,7,3.20,5.24,1.88,2.45,9,22,13,28,52,6,3.57,4.03,568,0.18,50,3.77
"Shenzhen, China",113,7,4.81,3.01,2.15,2.40,1.34,12,2.07,1.03,0.75,16,1.15,1.62,"1,632",990,79,901,553,37,16,318,82,6,5.11,76,35,73,97,"24,157",1.08,20,4.92,3.82,5.16,57,4.47,6,6,1.83,1.77,11,32,14,84,75,9,4.76,5.84,437,0.08,45,3.02
"Murcia, Spain",113,12,9,3.39,0.79,2.49,2.02,6,1.75,0.93,0.98,10,1.53,1.12,912,643,152,582,415,105,23,471,123,5.50,10,81,27,86,91,"24,892",1.48,25,20,6,8,54,5.29,2.26,3.28,1.25,1.49,13,29,15,65,38,7,2.53,3.75,502,0.18,37,5.38
"Port Louis, Mauritius",112,7,5.66,2.73,1.36,1.96,1.51,3.75,1.54,1.08,1.54,12,1.52,0.49,865,516,57,614,287,38,27,518,130,6,3.51,73,56,91,97,"29,251",1.26,50,20,3.56,4.87,18,3.92,4.20,5.54,1.40,1.93,6,31,14,37,47,5.37,3.21,4.12,624,0.07,57,5.88
"Zagreb, Croatia",111,8,5.44,3.91,1.01,2.58,1.66,5.16,1.35,0.95,1.42,9,1.94,0.80,943,672,174,624,382,103,20,338,117,7,6,79,34,77,112,"21,713",1.43,52,8,6,9,36,3.91,3.40,3.56,1.18,2.06,7,21,10,34,47,6,1.81,2.12,524,0.12,42,4.21
"Vilnius, Lithuania",109,9,5.46,3.14,1.11,2.12,1.60,4.11,1.09,0.56,1.33,9,1.62,0.73,979,589,137,731,471,98,10,376,101,9,10,87,47,93,122,"19,522",1.35,33,7,7,7,33,5.20,4.44,4.77,1.65,3.03,22,25,15,62,56,8,3.03,3.68,553,0.15,48,4.05
"Bratislava, Slovakia",108,7,7,3.80,0.96,2.87,2.61,4.21,1.40,0.91,0.97,7,1.35,0.90,"1,103",816,191,756,556,119,15,395,92,10,8,79,37,88,102,"19,877",1.42,30,10,6,7,29,4.21,3.32,4.00,1.55,2.26,10,22,16,48,46,8,2.57,1.86,486,0.10,41,4.20
"Guayaquil, Ecuador",105,10,7,2.87,1.10,2.23,1.07,4.52,1.74,1.02,1.31,12,1.76,0.73,846,362,97,605,337,62,25,530,141,5.19,8,48,44,105,94,"22,592",1.44,23,16,5.36,8,50,5.21,5.01,6,1.72,1.42,13,14,10,69,47,8,3.17,3.19,655,0.15,51,4.56
"Nairobi, Kenya",103,7,5.67,3.33,0.94,1.81,1.02,8,2.48,1.15,1.80,13,1.61,0.48,"1,436",636,57,647,395,55,38,368,104,6,4.88,35,32,56,64,"15,417",1.05,41,9,3.62,12,27,3.16,3.34,4.65,1.28,1.31,10,23,13,26,35,4.69,3.05,2.26,572,0.03,54,2.47
"Manila, Philippines",100,5.35,3.32,2.00,1.81,1.73,1.51,3.57,2.87,1.87,1.10,9,1.81,0.87,"1,316",660,116,788,328,79,31,366,95,7,8,52,31,88,61,"23,982",1.03,26,4.43,3.57,11,15,4.30,2.23,3.55,1.19,1.75,4.92,22,11,25,33,7,3.60,1.62,536,0.15,48,2.03
"Santiago, Chile",100,10,5.56,2.36,0.98,2.41,1.27,4.21,1.22,0.97,1.07,5.52,1.78,0.55,948,610,73,619,387,50,20,265,75,9,5.62,44,28,53,65,"14,940",1.04,50,5.45,3.98,8,38,5.23,3.31,3.35,2.07,2.02,14,26,11,27,43,6,3.72,2.76,375,0.14,41,4.86
"Prague, Czech Republic",100,7,5.92,3.59,0.82,2.16,1.99,3.99,1.37,0.88,0.65,5.95,1.22,0.64,"1,180",833,131,793,609,74,16,394,93,11,7,73,32,91,102,"19,574",1.28,23,10,6,7,40,3.20,3.10,3.17,1.37,1.73,20,19,17,63,40,6,2.69,1.52,456,0.13,35,4.24
"Quito, Ecuador",100,7,6,2.22,0.91,1.89,1.26,4.17,1.87,1.13,1.35,15,1.80,1.00,774,409,39,491,318,34,28,541,172,7,7,65,53,110,84,"27,044",0.64,21,11,8,12,41,7,5.11,4.89,1.78,1.49,9,19,10,70,48,7,3.20,2.07,733,0.16,48,5.37
"Jakarta, Indonesia",99,5.38,3.56,2.29,1.29,1.78,1.04,5.44,2.83,1.28,2.05,34,1.07,0.92,"1,303",569,98,645,366,71,18,340,122,4.97,5.60,50,36,74,96,"29,162",0.63,25,4.03,2.56,5.60,24,4.90,1.73,3.04,1.26,1.30,5.33,18,7,66,36,9,3.43,4.87,490,0.10,43,1.60
"Moscow, Russia",98,6,3.62,2.21,1.00,1.38,2.14,4.41,1.35,0.51,0.89,8,1.37,0.49,"1,388",825,101,891,507,64,5.94,338,82,8,9,91,39,82,90,"18,788",0.64,29,5.29,5.80,8,22,3.78,2.17,2.80,1.21,1.27,12,27,10,99,55,6,3.32,3.53,408,0.03,72,2.21
"Warsaw, Poland",95,7,5.00,2.03,0.69,2.60,1.44,3.07,0.80,0.69,0.81,7,1.35,0.69,"1,116",850,126,709,530,74,9,360,112,6,5.77,72,33,72,89,"19,446",1.23,26,8,4.45,8,34,4.54,2.76,3.32,1.38,1.89,14,17,14,51,35,5.53,3.00,2.73,605,0.14,27,4.10
"Casablanca, Morocco",94,8,5.85,2.39,0.80,1.37,0.46,4.77,0.94,0.46,1.61,10,1.15,0.49,822,499,62,642,391,42,22,440,117,5.53,4.47,79,50,114,142,"24,473",1.02,21,4.83,2.96,8,23,3.22,3.48,2.85,1.00,1.59,5.21,24,12,32,38,8,2.63,4.83,613,0.24,27,3.25
"Lima, Peru",94,6,4.82,2.09,1.28,1.89,0.94,3.17,1.41,0.74,1.59,11,2.03,0.49,836,476,63,658,351,48,24,393,108,8,4.72,46,34,74,78,"16,450",1.15,33,11,7,8,26,5.94,3.54,4.67,1.18,1.48,10,14,10,36,38,7,3.64,2.29,614,0.15,50,4.07
"Budapest, Hungary",93,6,5.43,2.28,0.80,1.85,1.86,3.23,1.05,0.82,0.82,5.57,1.41,0.52,943,670,146,661,459,92,12,383,77,7,7,70,31,81,84,"19,701",1.20,30,10,7,8,42,3.42,2.71,2.44,1.35,1.53,10,19,11,45,36,5.72,2.16,1.62,440,0.09,38,4.31
"Kuala Lumpur, Malaysia",93,4.81,3.65,1.99,1.53,1.99,1.18,5.12,2.29,1.28,2.54,17,0.91,0.82,847,408,57,477,271,40,24,322,88,4.68,6,60,37,69,75,"37,278",0.54,23,5.81,4.25,5.38,16,4.09,2.35,3.73,1.49,1.88,8,19,9,46,44,8,3.35,5.63,444,0.12,43,3.97
"Guatemala City, Guatemala",93,8,5.17,2.66,1.69,1.97,1.19,3.56,1.96,1.11,1.42,10,1.89,0.94,918,416,61,599,310,44,38,371,84,7,2.57,52,37,103,80,"16,798",0.94,15,9,5.12,12,23,5.15,4.19,5.96,2.29,1.69,10,13,11,27,44,5.30,2.90,2.14,748,0.13,56,3.30
"Dar es Salaam, Tanzania",92,4.60,5.86,2.88,1.22,2.18,1.04,3.84,2.56,0.76,0.98,7,1.38,0.46,"1,218",878,116,679,388,67,35,452,136,8,5.32,38,34,33,53,"13,643",0.99,18,12,5.21,10,20,3.14,3.31,4.47,1.72,1.25,4.82,16,10,21,29,5.37,2.10,1.22,465,0.14,76,2.18
"Belgrade, Serbia",92,12,5.31,3.11,0.95,1.69,1.24,4.26,0.83,0.63,0.71,7,1.16,0.40,666,454,141,431,267,94,15,390,114,7,4.17,101,37,85,137,"20,429",1.45,29,14,4.15,4.74,24,3.78,3.43,3.38,1.39,1.58,5.12,18,9,24,30,4.79,1.57,1.94,579,0.11,29,2.99
"La Paz, Bolivia",92,7,5.76,2.40,1.01,1.78,1.00,3.82,1.76,1.14,1.83,9,1.45,0.46,652,431,52,597,297,44,34,402,146,7,3.59,66,72,87,75,"12,621",0.55,28,16,4.92,7,32,4.21,3.19,3.76,1.79,2.14,5.89,16,13,23,26,7,3.02,2.94,531,0.23,51,2.45
"Santo Domingo, Dominican Republic",92,4.81,6,2.72,1.05,1.43,1.45,3.17,3.35,1.04,2.11,14,1.09,0.77,837,336,65,516,242,42,29,449,121,7,3.32,41,32,70,103,"15,622",1.12,29,11,5.58,8,33,7,3.07,4.20,1.86,2.52,7,19,9,67,45,6,2.65,3.01,528,0.15,34,3.73
"Pretoria, South Africa",90,5.80,3.41,2.26,0.79,1.80,1.24,2.93,1.27,1.12,0.91,5.20,1.09,0.61,605,444,86,491,366,69,41,261,97,4.43,3.20,39,34,68,58,"15,678",0.87,54,8,3.91,13,21,2.56,1.51,3.08,1.44,0.92,7,20,11,47,31,3.44,1.76,1.66,404,0.14,32,2.46
"Kampala, Uganda",89,3.34,6,2.72,0.80,1.65,1.00,3.65,2.79,1.02,1.12,10,1.26,0.80,"1,033",405,75,498,230,67,38,304,175,4.96,3.73,19,27,39,45,"13,510",1.08,27,9,5.03,6,14,4.20,3.83,5.77,1.61,1.21,4.91,17,11,25,36,4.58,3.08,1.10,784,0.09,68,1.98
"Santa Cruz de la Sierra, Bolivia",89,6,6,2.12,0.95,1.68,0.81,2.37,2.18,1.01,1.41,10,1.58,0.67,633,393,67,494,331,45,38,436,144,5.95,2.52,68,41,101,90,"16,999",0.55,27,11,7,6,35,4.04,3.16,3.87,1.60,1.75,8,16,14,29,35,5.87,4.01,2.43,485,0.17,57,2.33
"Monterrey, Mexico",89,9,4.99,3.48,0.89,1.60,1.17,3.80,1.91,1.05,0.96,11,1.16,0.95,827,444,114,739,342,70,16,378,134,5.12,5.22,42,30,79,73,"14,597",0.89,32,4.42,4.06,13,24,3.35,2.16,2.36,1.49,1.36,11,19,6,42,34,4.68,3.44,1.45,400,0.05,47,2.54
"Tirana, Albania",88,8,3.49,2.71,1.15,1.69,1.02,3.23,1.07,0.66,0.88,9,1.48,0.69,540,314,89,494,257,45,13,382,100,5.54,3.83,71,40,105,131,"21,124",1.56,13,15,6,8,25,4.13,3.53,3.88,1.61,2.27,4.18,25,9,44,40,5.74,1.40,2.88,601,0.29,35,2.78
"Bucharest, Romania",87,8,4.94,3.24,1.21,3.04,1.13,3.87,0.97,0.62,0.76,8,1.33,0.71,741,463,94,459,296,54,9,339,80,8,8,74,35,72,83,"16,971",1.28,14,4.00,6,7,36,3.21,3.10,3.54,1.47,2.31,7,26,12,33,45,5.44,3.00,2.02,501,0.22,54,4.18
"Johannesburg, South Africa",87,5.33,3.24,2.39,0.84,1.86,1.08,3.41,1.36,1.15,0.88,4.84,1.17,0.63,770,494,69,577,329,38,31,288,73,4.00,2.12,42,37,64,62,"17,668",0.89,44,9,3.01,15,29,2.27,1.55,3.07,1.30,0.90,8,18,10,56,32,3.91,1.66,1.66,507,0.10,28,2.32
"Sofia, Bulgaria",86,7,4.63,2.94,1.15,2.07,1.50,3.10,1.27,0.65,0.71,7,1.23,0.50,581,400,108,418,331,63,8,326,122,8,7,58,31,80,69,"20,418",1.23,28,4.74,8,12,18,3.73,3.07,3.16,1.57,1.93,7,20,12,21,39,5.27,2.01,1.74,491,0.18,27,3.00
"Sarajevo, Bosnia and Herzegovina",86,9,4.93,2.58,0.85,2.14,1.21,3.87,1.06,0.68,0.73,7,1.31,0.61,523,301,185,309,197,155,13,358,100,5.37,3.74,64,39,87,100,"18,184",1.26,29,7,4.94,5.77,25,2.98,3.52,2.83,1.35,1.72,4.55,15,8,24,35,3.94,1.54,1.93,549,0.12,32,3.06
"Saint Petersburg, Russia",85,4.63,3.52,1.85,0.89,1.13,2.26,4.63,1.23,0.52,0.91,8,1.22,0.50,875,572,79,566,322,47,5.43,419,80,7,11,82,34,86,121,"19,435",0.62,29,5.39,7,7,23,3.12,2.23,2.50,0.98,1.18,11,24,8,142,53,4.76,2.52,2.97,483,0.05,51,1.97
"Cape Town, South Africa",85,6,3.31,2.35,0.74,1.89,1.12,3.16,1.16,0.96,0.95,5.10,1.10,0.66,883,591,54,707,426,48,31,251,69,4.68,1.94,40,37,78,63,"16,771",0.85,33,8,2.96,8,25,2.52,1.80,2.92,1.56,1.04,8,20,10,36,30,3.59,1.66,1.97,420,0.09,32,2.19
"Kraków, Poland",85,7,4.54,2.00,0.68,2.57,1.48,3.04,0.75,0.54,0.77,6,1.30,0.53,751,615,157,565,404,75,11,384,105,6,6,68,36,69,86,"17,650",1.22,23,6,4.02,9,28,3.57,2.57,2.80,1.18,1.82,11,16,13,50,28,4.54,2.46,2.41,460,0.09,28,3.88
"Cairo, Egypt",84,9,4.84,2.85,1.05,1.36,0.55,3.27,1.55,0.53,1.78,11,0.91,0.46,588,328,58,345,214,49,12,307,130,6,2.95,69,56,154,95,"27,854",0.52,20,4.18,2.77,4.55,17,3.26,3.31,2.95,1.84,1.45,4.41,29,12,60,45,7,2.62,3.38,615,0.09,35,2.59
"São Paulo, Brazil",84,5.97,4.45,1.51,0.60,1.61,1.09,3.30,1.10,0.80,0.84,8,1.34,0.70,789,452,89,578,336,47,13,270,80,4.51,3.16,37,30,55,44,"16,540",0.73,41,6,3.82,10,38,2.29,2.31,2.68,1.00,0.71,8,21,11,41,41,5.01,1.63,2.42,515,0.16,23,1.90
"Wrocław, Poland",84,7,4.58,2.21,0.71,2.41,1.71,2.88,0.80,0.53,0.80,7,1.31,0.52,840,684,88,613,491,59,8,375,144,6,5.02,62,29,67,69,"18,545",1.20,23,7,5.35,6,30,3.87,2.64,3.11,1.07,1.90,8,17,11,37,33,4.57,2.48,2.12,464,0.06,26,3.85
"Valparaiso, Chile",84,8,5.40,1.88,0.94,2.70,1.06,3.91,0.96,0.76,1.08,4.54,1.69,0.63,677,420,75,383,278,54,19,268,84,8,2.90,35,28,45,67,"13,520",1.02,37,6,3.26,9,25,4.21,3.06,2.78,1.61,1.73,9,23,9,47,31,4.76,3.03,2.59,429,0.08,38,3.92
"Durban, South Africa",82,4.45,3.52,1.87,0.87,1.82,0.93,2.68,1.23,1.09,1.11,4.86,1.18,0.64,"1,013",426,79,597,336,41,32,262,88,4.00,5.58,51,31,66,62,"12,303",0.85,34,6,2.77,11,25,2.42,1.85,2.84,1.24,0.87,5.31,21,10,24,24,3.05,1.81,1.39,391,0.13,32,2.28
"Gaborone, Botswana",82,5.98,5.12,2.14,1.06,2.34,1.04,2.82,1.44,0.66,1.04,8,1.46,0.58,642,438,47,401,233,32,69,347,105,4.98,4.30,42,34,63,75,"16,868",0.73,11,10,3.28,9,25,3.57,1.85,3.04,1.59,1.23,6,24,10,32,41,6,1.57,1.36,668,0.10,34,2.57
"Tijuana, Mexico",82,7,5.30,2.66,0.95,1.75,1.12,3.35,2.17,1.14,1.13,14,1.25,0.84,887,374,47,440,282,41,18,358,78,4.16,3.17,31,23,61,43,"12,080",0.84,40,5.71,3.30,11,26,3.08,2.11,2.56,1.10,1.67,7,14,5.10,55,25,4.82,3.00,2.60,423,0.07,28,2.23
"Cochabamba, Bolivia",81,4.85,5.28,1.75,0.90,1.55,0.92,2.66,2.12,1.12,1.65,6,1.24,0.52,534,314,45,320,208,38,35,408,148,7,4.67,63,69,78,75,"16,855",0.60,21,8,5.36,7,24,4.09,3.27,4.32,1.61,2.10,5.13,10,10,23,22,4.50,2.62,2.44,560,0.21,38,2.19
"Rio de Janeiro, Brazil",80,5.50,4.53,1.33,0.69,1.10,1.03,2.64,1.21,0.68,0.84,6,1.26,0.66,775,449,106,497,302,70,13,225,88,3.49,3.36,45,23,47,41,"13,489",0.87,35,10,3.08,8,44,3.33,1.81,2.46,0.84,0.67,8,20,10,39,37,4.97,1.85,2.06,580,0.16,25,1.79
"Cluj-Napoca, Romania",80,8,4.77,2.68,1.06,2.39,1.37,4.19,0.85,0.65,0.79,6,1.27,0.59,604,437,92,450,283,51,8,344,89,9,3.66,47,34,68,68,"20,306",1.29,17,4.91,5.32,7,25,4.67,3.20,3.70,1.43,2.30,7,16,9,25,30,3.77,2.17,1.66,544,0.15,36,3.90
"Kiev, Ukraine",79,5.62,4.20,2.06,1.03,1.14,1.41,3.74,0.80,0.62,0.77,7,0.99,0.43,872,590,72,544,332,39,5.01,412,109,13,5.72,75,46,100,112,"22,410",1.06,17,4.32,5.29,7,14,2.57,1.78,2.51,1.36,1.52,12,17,8,53,40,6,1.57,1.91,502,0.04,30,1.62
"Porto Alegre, Brazil",78,4.77,4.66,1.60,0.53,1.35,1.19,2.69,1.07,0.72,0.83,5.93,1.16,0.43,524,325,98,302,219,61,16,289,70,4.61,3.29,42,32,68,42,"16,113",0.80,42,8,2.91,9,35,3.20,1.97,2.59,1.10,0.74,6,16,9,28,29,3.96,2.27,2.70,501,0.19,27,1.55
"Mumbai, India",78,5.97,3.86,2.19,0.79,1.07,0.56,2.88,2.10,0.42,2.30,10,1.19,0.43,965,494,120,633,331,42,10,416,160,5.36,3.22,32,39,59,43,"11,961",1.03,13,2.58,1.78,3.28,9,4.10,2.34,3.81,2.06,0.99,4.95,21,8,33,42,10,4.45,3.94,476,0.02,52,3.43
"Brasília, Brazil",77,7,4.70,1.40,0.60,1.33,0.92,3.42,1.09,0.80,0.87,9,1.08,0.66,629,339,118,350,208,47,17,262,80,3.98,3.20,37,35,62,46,"11,430",0.76,33,5.31,3.09,7,45,2.92,2.23,2.38,0.88,0.68,7,20,10,47,35,3.55,1.76,1.69,566,0.17,41,1.62
"Queretaro, Mexico",77,9,4.23,2.33,0.86,1.47,1.10,2.78,1.74,1.01,1.09,10,1.29,0.76,770,387,39,468,200,25,15,388,112,5.30,3.42,34,21,66,47,"14,532",0.86,25,6,2.84,11,30,2.92,2.21,2.59,1.19,1.37,10,19,6,31,34,6,2.89,1.81,403,0.08,54,2.37
"Mexico City, Mexico",77,7,4.52,2.05,0.84,1.39,0.98,2.55,1.66,0.98,0.95,9,1.19,0.92,"1,037",549,60,646,338,30,15,317,81,4.21,2.85,36,28,65,55,"14,306",0.86,14,2.54,3.86,10,24,3.21,2.12,2.34,1.25,1.26,10,20,7,62,30,5.94,2.27,1.95,393,0.06,51,2.47
"Cancún, Mexico",76,9,6,2.58,0.91,1.30,1.07,3.12,1.90,1.07,1.15,7,1.37,1.02,769,371,103,386,204,60,19,359,76,3.08,2.49,29,24,67,43,"9,826",0.84,24,10,2.40,6,25,1.98,1.85,2.53,1.24,1.15,6,13,4.54,33,37,4.24,2.80,1.77,436,0.08,35,2.36
"Florianopolis, Brazil",76,5.02,4.37,1.52,0.45,1.33,0.94,2.39,0.82,0.52,0.87,6,1.12,0.57,396,328,148,322,228,79,15,265,72,3.51,3.34,36,33,60,40,"12,726",0.70,37,5.96,3.63,9,48,3.08,2.61,2.86,1.22,0.91,4.76,16,9,25,29,4.19,1.54,2.23,456,0.30,24,1.52
"Zapopan, Mexico",76,8,4.27,2.59,0.82,1.36,0.95,3.35,1.80,1.03,1.00,10,1.18,0.78,719,294,96,576,240,54,16,304,90,4.22,5.12,40,26,69,55,"11,896",0.87,25,5.67,2.90,9,20,2.56,1.85,2.45,1.29,1.26,5.67,13,6,36,30,7,2.47,1.41,416,0.11,23,2.25
"Campinas, Brazil",76,5.29,4.75,1.13,0.58,1.28,0.84,3.08,1.18,0.62,0.88,7,1.20,0.57,437,351,85,303,240,64,12,261,66,4.15,2.89,29,32,55,38,"16,199",0.71,39,5.74,3.19,8,48,3.71,2.51,2.34,1.16,0.60,8,20,8,32,32,3.82,1.03,1.46,543,0.23,23,1.59
"Bogotá, Colombia",76,5.01,4.46,1.92,0.74,1.44,0.65,2.05,1.28,0.58,0.73,11,1.07,0.57,830,411,69,541,267,47,21,319,87,4.63,3.20,44,26,68,54,"14,182",0.83,32,5.82,4.25,5.19,21,5.10,3.54,4.16,1.78,1.23,6,10,5.92,24,27,6,1.80,1.09,413,0.06,33,1.72
"Belo Horizonte, Brazil",75,5.04,4.61,1.45,0.56,1.30,0.95,2.88,1.34,0.60,0.68,7,1.26,0.58,447,232,102,280,211,41,15,305,72,4.28,2.84,36,29,56,53,"16,158",0.81,42,5.26,2.49,6,37,2.63,2.08,2.48,0.98,0.77,6,14,6,30,27,3.45,1.71,2.10,536,0.23,19,1.64
"Guadalajara, Mexico",74,5.78,4.57,2.38,0.84,1.39,0.88,3.22,1.76,0.96,0.86,9,1.10,0.87,756,336,78,401,198,42,16,283,77,3.33,6,38,31,69,55,"13,004",0.88,26,5.78,2.87,10,21,2.90,2.39,2.60,1.27,1.38,10,14,5.87,59,26,5.23,2.53,1.64,450,0.07,31,2.34
"San Luis Potosí, Mexico",74,8,4.52,2.69,0.82,1.25,1.12,2.62,1.86,1.16,0.98,9,1.25,0.95,931,294,58,398,193,42,17,370,70,5.42,2.75,36,30,60,49,"13,160",0.85,20,2.93,3.46,11,25,2.19,2.25,2.39,1.32,1.08,5.09,13,4.98,38,28,3.93,2.49,1.71,409,0.11,40,2.02
"Istanbul, Turkey",74,5.54,3.52,1.87,0.67,1.72,0.76,2.84,0.70,0.55,1.66,10,0.74,0.30,505,324,89,385,233,62,9,353,73,4.82,3.64,35,24,59,46,"24,001",0.95,27,4.76,2.34,3.61,30,2.78,2.71,2.69,1.50,2.35,5.82,14,7,26,36,7,1.99,3.01,414,0.12,26,2.40
"Asunción, Paraguay",74,4.79,4.42,1.31,0.75,1.75,1.36,2.75,1.52,0.93,0.79,5.58,1.56,0.43,612,408,57,370,230,41,26,303,102,4.51,2.44,46,35,74,55,"13,516",0.93,22,17,4.42,7,18,4.71,2.82,3.56,1.11,1.28,8,13,11,27,22,4.21,2.11,1.06,488,0.16,31,1.69
"Curitiba, Brazil",74,4.81,4.21,1.24,0.58,1.10,0.84,2.53,0.88,0.64,0.80,7,1.17,0.60,416,329,160,314,204,36,15,238,75,4.41,3.20,38,30,47,40,"16,903",0.72,38,6,3.40,13,33,2.35,1.91,2.40,0.89,0.55,7,18,8,38,35,4.64,1.45,1.97,467,0.16,19,1.56
"Iasi, Romania",74,8,4.53,2.54,1.07,2.93,1.11,2.64,0.83,0.53,0.77,5.62,1.23,0.65,465,318,78,315,204,52,7,277,71,8,3.87,52,32,74,82,"16,223",1.24,19,4.68,7,4.27,22,4.44,2.89,3.28,0.99,2.18,7,15,9,33,26,3.91,1.78,1.43,534,0.14,33,3.51
"Baku, Azerbaijan",74,5.74,4.83,1.81,1.18,1.28,1.50,2.84,1.17,0.71,1.52,7,1.05,0.42,503,333,37,448,236,30,12,351,118,7,7,46,46,110,103,"17,922",0.60,15,7,5.20,5.68,24,3.39,2.71,3.34,1.32,1.47,7,16,8,24,48,7,3.16,2.02,515,0.05,49,2.92
"Medellín, Colombia",73,5.43,4.10,1.90,0.62,1.52,0.64,1.86,1.24,0.67,0.62,11,1.09,0.58,594,331,50,427,225,40,19,353,88,4.36,3.74,46,28,65,62,"18,310",0.78,35,8,3.74,2.97,17,4.52,2.92,3.63,1.33,1.12,6,11,6,31,20,5.13,2.08,0.84,455,0.05,32,1.83
"São José dos Campos, Brazil",72,5.08,4.72,1.01,0.61,1.15,0.90,2.89,1.12,0.70,0.79,7,1.17,0.61,419,304,54,271,188,35,10,297,73,3.89,2.88,38,40,66,45,"16,559",0.73,36,5.39,2.60,5.47,34,4.04,1.88,2.48,1.05,0.56,7,18,8,19,33,4.81,1.69,1.87,521,0.23,24,1.73
"Yekaterinburg, Russia",72,3.69,3.12,2.08,0.65,1.03,1.40,3.53,1.28,0.43,0.69,5.64,1.25,0.29,565,384,79,358,261,53,7,325,69,4.89,7,91,41,76,80,"19,518",0.58,27,3.90,3.92,4.90,16,3.28,1.92,2.82,0.86,1.57,7,14,7,50,29,4.13,1.78,2.79,514,0.03,58,1.66
"Delhi, India",71,7,3.59,2.29,0.72,1.04,0.51,2.60,1.52,0.31,1.52,13,1.10,0.43,563,319,78,348,204,78,10,357,139,4.40,3.18,30,31,47,37,"13,480",0.99,22,3.57,1.39,3.21,8,4.13,2.79,3.03,2.08,0.98,3.31,17,8,30,29,13,3.52,2.45,440,0.09,34,4.12
"Kharkiv, Ukraine",69,3.43,3.37,1.76,1.25,1.94,1.63,3.80,0.68,0.33,1.27,5.20,0.89,0.73,494,304,82,311,184,38,5.53,412,93,5.17,5.68,75,57,87,98,"24,274",1.05,15,2.46,2.59,4.94,9,2.37,2.32,1.97,0.86,1.37,4.55,12,5.81,35,23,3.11,1.40,1.32,612,0.05,25,1.10
"Salvador, Brazil",69,4.72,3.80,1.15,0.62,0.98,0.71,2.66,0.97,0.60,0.80,7,1.12,0.47,459,257,57,402,210,47,15,289,78,3.83,1.96,26,38,46,36,"13,527",0.80,34,5.01,3.23,5.54,24,2.81,1.68,2.36,0.83,0.84,5.27,13,8,32,25,3.02,1.70,1.38,575,0.22,20,1.86
"İzmir, Turkey",69,5.31,3.71,1.71,0.72,1.44,0.58,2.80,0.77,0.56,1.59,8,0.80,0.25,412,265,51,302,202,49,9,289,96,4.04,3.25,31,24,58,43,"24,099",0.97,29,4.91,2.22,4.51,27,2.59,2.03,2.18,1.14,2.00,4.78,14,6,18,29,5.34,2.24,2.80,436,0.11,24,2.23
"Chihuahua, Mexico",68,10,5.36,2.03,0.97,1.34,0.82,3.03,1.45,0.77,0.98,9,1.08,0.80,610,257,48,312,152,40,15,351,75,3.80,3.56,35,24,63,44,"13,902",0.82,21,6,2.51,7,16,2.62,2.24,2.18,1.09,1.19,4.95,11,5.27,82,22,3.46,2.29,1.64,388,0.05,34,2.13
"Barranquilla, Colombia",68,4.02,3.76,1.70,0.78,1.47,0.72,2.16,1.39,0.53,0.95,10,1.00,0.54,471,254,105,334,184,83,18,268,73,3.23,7,32,31,63,38,"13,708",0.65,27,12,3.77,5.86,21,4.01,3.22,3.26,1.34,1.55,3.72,10,5.65,21,22,5.33,1.74,1.48,406,0.05,28,1.27
"Mérida, Mexico",66,4.71,3.91,3.14,0.79,1.10,1.11,2.98,1.82,1.22,0.79,9,1.29,0.92,493,279,77,326,217,41,15,348,90,3.74,4.02,32,28,58,39,"13,209",0.83,19,5.81,3.42,5.89,21,2.68,1.76,2.33,1.11,1.13,5.33,11,6,34,26,3.65,2.44,1.67,480,0.08,24,2.29
"Bangalore, India",66,4.64,3.93,1.96,0.61,0.98,0.44,3.27,2.26,0.43,1.62,12,1.09,0.48,417,299,42,325,181,35,11,434,153,4.88,4.88,32,33,48,33,"12,299",1.02,24,2.76,1.18,2.55,11,3.29,2.57,3.56,1.88,0.96,3.49,20,7,21,26,8,3.16,3.11,409,0.02,31,3.45
"Santiago de Cali, Colombia",65,4.89,4.57,1.71,0.69,1.62,0.72,1.98,1.31,0.45,0.69,10,1.09,0.50,439,230,63,268,141,38,19,326,86,4.23,3.00,30,22,54,49,"14,955",0.64,32,6,4.07,2.91,24,5.34,3.83,4.18,1.58,0.81,5.12,8,4.92,30,21,5.88,1.85,1.49,466,0.05,24,1.30
"Kolkata, India",65,4.30,3.99,1.41,0.60,0.89,0.51,2.48,1.82,0.29,1.80,11,1.18,0.32,421,236,50,360,203,42,8,402,159,5.72,8,31,37,45,31,"14,260",1.00,16,2.00,2.37,2.93,13,3.69,2.45,3.35,1.63,0.95,2.44,17,6,27,29,10,2.95,3.26,553,0.05,25,3.01
"Bucaramanga, Colombia",64,5.15,4.63,1.89,0.67,1.28,0.57,2.18,0.90,0.46,0.75,9,0.97,0.45,352,239,49,243,175,41,15,328,83,3.14,2.39,39,44,58,52,"14,311",0.71,29,9,3.25,3.52,18,2.84,3.26,3.37,1.58,0.76,5.45,9,4.84,28,17,5.37,1.60,1.01,431,0.07,29,1.15
"Ankara, Turkey",63,4.94,3.18,1.57,0.65,1.39,0.68,2.69,0.73,0.39,1.57,9,0.73,0.29,325,206,69,255,170,54,8,312,62,3.33,2.91,40,23,47,42,"23,934",0.91,19,4.43,1.99,2.60,23,2.40,2.50,2.37,1.31,2.20,3.74,15,5.68,21,28,4.76,2.02,2.91,406,0.08,25,2.29
"Tbilisi, Georgia",63,6,4.32,1.78,1.11,1.60,0.99,2.28,0.82,0.52,0.87,7,0.92,0.34,641,367,50,365,215,45,8,264,165,8,3.55,53,32,100,104,"10,957",0.78,10,3.91,5.04,5.73,20,2.21,2.72,2.76,0.80,1.47,4.71,13,8,41,31,4.33,1.80,2.08,379,0.08,34,1.65
"Aguascalientes, Mexico",63,5.31,3.61,2.70,0.77,1.98,0.79,2.33,1.63,0.87,0.72,7,1.12,1.02,322,213,52,266,163,44,16,284,82,4.63,3.78,33,28,58,54,"14,036",0.83,22,3.70,3.25,5.95,16,2.86,2.47,2.03,1.28,1.18,3.84,13,5.23,23,20,3.00,2.09,1.32,410,0.05,24,2.25
"Antalya, Turkey",60,3.27,3.65,1.70,0.68,1.70,0.67,2.45,0.57,0.57,1.61,9,0.75,0.31,384,206,40,212,144,33,8,297,82,3.87,2.78,34,22,51,34,"24,151",0.88,21,5.40,1.76,2.56,23,1.27,2.13,1.94,0.97,1.53,4.14,10,4.49,18,22,3.97,1.95,3.02,285,0.08,18,2.30
"Hyderabad, India, India",59,4.90,3.56,1.78,0.77,0.85,0.45,3.04,1.73,0.35,1.44,12,1.15,0.52,350,235,59,252,165,47,7,353,101,5.54,3.29,29,26,49,41,"13,744",1.04,14,3.17,1.11,3.20,13,3.09,1.94,2.98,1.63,0.80,4.46,16,4.86,26,27,8,2.46,2.53,460,0.02,34,3.25
"Madras, India",59,3.13,3.28,1.98,0.70,0.92,0.44,2.80,1.90,0.52,1.77,8,1.10,0.46,333,233,66,238,153,47,9,369,153,4.88,2.60,26,35,44,34,"12,191",0.97,17,2.23,1.27,3.32,13,3.77,2.58,2.47,2.20,0.77,2.98,13,4.85,21,22,10,2.01,3.77,512,0.02,24,3.39
